"id","sku","nome","nome_original","preco","categoria","descricao","estoque","disponivel","sem_foto","imagens","aco_inoxidavel","masculina","infantil","url_origem"
"4446774","FZ4446774","Bracelete","Braceletes","20,00","Braceletes","","0","False","False","/imgs/perolla/4446774-1.webp","nao","nao","nao","https://facilzap.com.br/perolladotapajos/produto/4446774"
"4446774","FZ4446774","Bracelete","Braceletes","20,00","Braceletes","","0","False","False","/imgs/perolla/4446774-1.webp","nao","nao","nao","https://facilzap.com.br/perolladotapajos/produto/4446774"
"4446774","FZ4446774","Bracelete","Braceletes","20,00","Braceletes","","0","False","False","/imgs/perolla/4446774-1.webp","nao","nao","nao","https://facilzap.com.br/perolladotapajos/produto/4446774"
"4446774","FZ4446774","Bracelete","Braceletes","20,00","Braceletes","","0","False","False","/imgs/perolla/4446774-1.webp","nao","nao","nao","https://facilzap.com.br/perolladotapajos/produto/4446774"
"4446774","FZ4446774","Bracelete","Braceletes","20,00","Braceletes","","0","False","False","/imgs/perolla/4446774-1.webp","nao","nao","nao","https://facilzap.com.br/perolladotapajos/produto/4446774"
"4446772","FZ4446772","Choker","Chocker","40,00","Colares","","0","False","False","/imgs/perolla/4446772-1.webp","nao","nao","nao","https://facilzap.com.br/perolladotapajos/produto/4446772"
"4446772","FZ4446772","Choker","Chocker","40,00","Colares","","0","False","False","/imgs/perolla/4446772-1.webp","nao","nao","nao","https://facilzap.com.br/perolladotapajos/produto/4446772"
"4446772","FZ4446772","Choker","Chocker","40,00","Colares","","0","False","False","/imgs/perolla/4446772-1.webp","nao","nao","nao","https://facilzap.com.br/perolladotapajos/produto/4446772"
"4446772","FZ4446772","Choker","Chocker","40,00","Colares","","0","False","False","/imgs/perolla/4446772-1.webp","nao","nao","nao","https://facilzap.com.br/perolladotapajos/produto/4446772"
"4446772","FZ4446772","Choker","Chocker","40,00","Colares","","0","False","False","/imgs/perolla/4446772-1.webp","nao","nao","nao","https://facilzap.com.br/perolladotapajos/produto/4446772"
"4446750","FZ4446750","Brincos Pérolas","Brincos pérolas","28,90","Brincos","","0","False","False","/imgs/perolla/4446750-1.webp|/imgs/perolla/4446750-2.webp|/imgs/perolla/4446750-3.webp|/imgs/perolla/4446750-4.webp|/imgs/perolla/4446750-5.webp|/imgs/perolla/4446750-6.webp|/imgs/perolla/4446750-7.webp|/imgs/perolla/4446750-8.webp","nao","nao","nao","https://facilzap.com.br/perolladotapajos/produto/4446750"
"4446750","FZ4446750","Brincos Pérolas","Brincos pérolas","28,90","Brincos","","0","False","False","/imgs/perolla/4446750-1.webp|/imgs/perolla/4446750-2.webp|/imgs/perolla/4446750-3.webp|/imgs/perolla/4446750-4.webp|/imgs/perolla/4446750-5.webp|/imgs/perolla/4446750-6.webp|/imgs/perolla/4446750-7.webp|/imgs/perolla/4446750-8.webp","nao","nao","nao","https://facilzap.com.br/perolladotapajos/produto/4446750"
"4446750","FZ4446750","Brincos Pérolas","Brincos pérolas","28,90","Brincos","","0","False","False","/imgs/perolla/4446750-1.webp|/imgs/perolla/4446750-2.webp|/imgs/perolla/4446750-3.webp|/imgs/perolla/4446750-4.webp|/imgs/perolla/4446750-5.webp|/imgs/perolla/4446750-6.webp|/imgs/perolla/4446750-7.webp|/imgs/perolla/4446750-8.webp","nao","nao","nao","https://facilzap.com.br/perolladotapajos/produto/4446750"
"4446750","FZ4446750","Brincos Pérolas","Brincos pérolas","28,90","Brincos","","0","False","False","/imgs/perolla/4446750-1.webp|/imgs/perolla/4446750-2.webp|/imgs/perolla/4446750-3.webp|/imgs/perolla/4446750-4.webp|/imgs/perolla/4446750-5.webp|/imgs/perolla/4446750-6.webp|/imgs/perolla/4446750-7.webp|/imgs/perolla/4446750-8.webp","nao","nao","nao","https://facilzap.com.br/perolladotapajos/produto/4446750"
"4446750","FZ4446750","Brincos Pérolas","Brincos pérolas","28,90","Brincos","","0","False","False","/imgs/perolla/4446750-1.webp|/imgs/perolla/4446750-2.webp|/imgs/perolla/4446750-3.webp|/imgs/perolla/4446750-4.webp|/imgs/perolla/4446750-5.webp|/imgs/perolla/4446750-6.webp|/imgs/perolla/4446750-7.webp|/imgs/perolla/4446750-8.webp","nao","nao","nao","https://facilzap.com.br/perolladotapajos/produto/4446750"
"4446744","FZ4446744","Cordão Aço Inoxidável","Cordão Aço inoxidável","55,00","Colares","","0","False","False","/imgs/perolla/4446744-1.webp|/imgs/perolla/4446744-2.webp|/imgs/perolla/4446744-3.webp|/imgs/perolla/4446744-4.webp|/imgs/perolla/4446744-5.webp|/imgs/perolla/4446744-6.webp","sim","nao","nao","https://facilzap.com.br/perolladotapajos/produto/4446744"
"4446744","FZ4446744","Cordão Aço Inoxidável","Cordão Aço inoxidável","55,00","Colares","","0","False","False","/imgs/perolla/4446744-1.webp|/imgs/perolla/4446744-2.webp|/imgs/perolla/4446744-3.webp|/imgs/perolla/4446744-4.webp|/imgs/perolla/4446744-5.webp|/imgs/perolla/4446744-6.webp","sim","nao","nao","https://facilzap.com.br/perolladotapajos/produto/4446744"
"4446744","FZ4446744","Cordão Aço Inoxidável","Cordão Aço inoxidável","55,00","Colares","","0","False","False","/imgs/perolla/4446744-1.webp|/imgs/perolla/4446744-2.webp|/imgs/perolla/4446744-3.webp|/imgs/perolla/4446744-4.webp|/imgs/perolla/4446744-5.webp|/imgs/perolla/4446744-6.webp","sim","nao","nao","https://facilzap.com.br/perolladotapajos/produto/4446744"
"4446744","FZ4446744","Cordão Aço Inoxidável","Cordão Aço inoxidável","55,00","Colares","","0","False","False","/imgs/perolla/4446744-1.webp|/imgs/perolla/4446744-2.webp|/imgs/perolla/4446744-3.webp|/imgs/perolla/4446744-4.webp|/imgs/perolla/4446744-5.webp|/imgs/perolla/4446744-6.webp","sim","nao","nao","https://facilzap.com.br/perolladotapajos/produto/4446744"
"4446744","FZ4446744","Cordão Aço Inoxidável","Cordão Aço inoxidável","55,00","Colares","","0","False","False","/imgs/perolla/4446744-1.webp|/imgs/perolla/4446744-2.webp|/imgs/perolla/4446744-3.webp|/imgs/perolla/4446744-4.webp|/imgs/perolla/4446744-5.webp|/imgs/perolla/4446744-6.webp","sim","nao","nao","https://facilzap.com.br/perolladotapajos/produto/4446744"
"4446741","FZ4446741","Brincos Cravejadinhos","Brincos cravejadinhos","39,00","Brincos","","0","False","False","/imgs/perolla/4446741-1.webp|/imgs/perolla/4446741-2.webp|/imgs/perolla/4446741-3.webp|/imgs/perolla/4446741-4.webp|/imgs/perolla/4446741-5.webp","nao","nao","nao","https://facilzap.com.br/perolladotapajos/produto/4446741"
"4446741","FZ4446741","Brincos Cravejadinhos","Brincos cravejadinhos","39,00","Brincos","","0","False","False","/imgs/perolla/4446741-1.webp|/imgs/perolla/4446741-2.webp|/imgs/perolla/4446741-3.webp|/imgs/perolla/4446741-4.webp|/imgs/perolla/4446741-5.webp","nao","nao","nao","https://facilzap.com.br/perolladotapajos/produto/4446741"
"4446741","FZ4446741","Brincos Cravejadinhos","Brincos cravejadinhos","39,00","Brincos","","0","False","False","/imgs/perolla/4446741-1.webp|/imgs/perolla/4446741-2.webp|/imgs/perolla/4446741-3.webp|/imgs/perolla/4446741-4.webp|/imgs/perolla/4446741-5.webp","nao","nao","nao","https://facilzap.com.br/perolladotapajos/produto/4446741"
"4446741","FZ4446741","Brincos Cravejadinhos","Brincos cravejadinhos","39,00","Brincos","","0","False","False","/imgs/perolla/4446741-1.webp|/imgs/perolla/4446741-2.webp|/imgs/perolla/4446741-3.webp|/imgs/perolla/4446741-4.webp|/imgs/perolla/4446741-5.webp","nao","nao","nao","https://facilzap.com.br/perolladotapajos/produto/4446741"
"4446741","FZ4446741","Brincos Cravejadinhos","Brincos cravejadinhos","39,00","Brincos","","0","False","False","/imgs/perolla/4446741-1.webp|/imgs/perolla/4446741-2.webp|/imgs/perolla/4446741-3.webp|/imgs/perolla/4446741-4.webp|/imgs/perolla/4446741-5.webp","nao","nao","nao","https://facilzap.com.br/perolladotapajos/produto/4446741"
"4446724","FZ4446724","Brincos Aço Inoxidável Esmaltados","Brincos aço inoxidável esmaltados","15,00","Brincos","","0","False","False","/imgs/perolla/4446724-1.webp|/imgs/perolla/4446724-2.webp|/imgs/perolla/4446724-3.webp|/imgs/perolla/4446724-4.webp|/imgs/perolla/4446724-5.webp|/imgs/perolla/4446724-6.webp|/imgs/perolla/4446724-7.webp|/imgs/perolla/4446724-8.webp","sim","nao","nao","https://facilzap.com.br/perolladotapajos/produto/4446724"
"4446724","FZ4446724","Brincos Aço Inoxidável Esmaltados","Brincos aço inoxidável esmaltados","15,00","Brincos","","0","False","False","/imgs/perolla/4446724-1.webp|/imgs/perolla/4446724-2.webp|/imgs/perolla/4446724-3.webp|/imgs/perolla/4446724-4.webp|/imgs/perolla/4446724-5.webp|/imgs/perolla/4446724-6.webp|/imgs/perolla/4446724-7.webp|/imgs/perolla/4446724-8.webp","sim","nao","nao","https://facilzap.com.br/perolladotapajos/produto/4446724"
"4446724","FZ4446724","Brincos Aço Inoxidável Esmaltados","Brincos aço inoxidável esmaltados","15,00","Brincos","","0","False","False","/imgs/perolla/4446724-1.webp|/imgs/perolla/4446724-2.webp|/imgs/perolla/4446724-3.webp|/imgs/perolla/4446724-4.webp|/imgs/perolla/4446724-5.webp|/imgs/perolla/4446724-6.webp|/imgs/perolla/4446724-7.webp|/imgs/perolla/4446724-8.webp","sim","nao","nao","https://facilzap.com.br/perolladotapajos/produto/4446724"
"4446724","FZ4446724","Brincos Aço Inoxidável Esmaltados","Brincos aço inoxidável esmaltados","15,00","Brincos","","0","False","False","/imgs/perolla/4446724-1.webp|/imgs/perolla/4446724-2.webp|/imgs/perolla/4446724-3.webp|/imgs/perolla/4446724-4.webp|/imgs/perolla/4446724-5.webp|/imgs/perolla/4446724-6.webp|/imgs/perolla/4446724-7.webp|/imgs/perolla/4446724-8.webp","sim","nao","nao","https://facilzap.com.br/perolladotapajos/produto/4446724"
"4446724","FZ4446724","Brincos Aço Inoxidável Esmaltados","Brincos aço inoxidável esmaltados","15,00","Brincos","","0","False","False","/imgs/perolla/4446724-1.webp|/imgs/perolla/4446724-2.webp|/imgs/perolla/4446724-3.webp|/imgs/perolla/4446724-4.webp|/imgs/perolla/4446724-5.webp|/imgs/perolla/4446724-6.webp|/imgs/perolla/4446724-7.webp|/imgs/perolla/4446724-8.webp","sim","nao","nao","https://facilzap.com.br/perolladotapajos/produto/4446724"
"4446712","FZ4446712","Conjunto Brinco E Anel Regulável","Conjunto brinco e anel regulável","48,00","Conjunto","","0","False","False","/imgs/perolla/4446712-1.webp|/imgs/perolla/4446712-2.webp|/imgs/perolla/4446712-3.webp|/imgs/perolla/4446712-4.webp|/imgs/perolla/4446712-5.webp|/imgs/perolla/4446712-6.webp|/imgs/perolla/4446712-7.webp|/imgs/perolla/4446712-8.webp","nao","nao","nao","https://facilzap.com.br/perolladotapajos/produto/4446712"
"4446712","FZ4446712","Conjunto Brinco E Anel Regulável","Conjunto brinco e anel regulável","48,00","Conjunto","","0","False","False","/imgs/perolla/4446712-1.webp|/imgs/perolla/4446712-2.webp|/imgs/perolla/4446712-3.webp|/imgs/perolla/4446712-4.webp|/imgs/perolla/4446712-5.webp|/imgs/perolla/4446712-6.webp|/imgs/perolla/4446712-7.webp|/imgs/perolla/4446712-8.webp","nao","nao","nao","https://facilzap.com.br/perolladotapajos/produto/4446712"
"4446712","FZ4446712","Conjunto Brinco E Anel Regulável","Conjunto brinco e anel regulável","48,00","Conjunto","","0","False","False","/imgs/perolla/4446712-1.webp|/imgs/perolla/4446712-2.webp|/imgs/perolla/4446712-3.webp|/imgs/perolla/4446712-4.webp|/imgs/perolla/4446712-5.webp|/imgs/perolla/4446712-6.webp|/imgs/perolla/4446712-7.webp|/imgs/perolla/4446712-8.webp","nao","nao","nao","https://facilzap.com.br/perolladotapajos/produto/4446712"
"4446712","FZ4446712","Conjunto Brinco E Anel Regulável","Conjunto brinco e anel regulável","48,00","Conjunto","","0","False","False","/imgs/perolla/4446712-1.webp|/imgs/perolla/4446712-2.webp|/imgs/perolla/4446712-3.webp|/imgs/perolla/4446712-4.webp|/imgs/perolla/4446712-5.webp|/imgs/perolla/4446712-6.webp|/imgs/perolla/4446712-7.webp|/imgs/perolla/4446712-8.webp","nao","nao","nao","https://facilzap.com.br/perolladotapajos/produto/4446712"
"4446712","FZ4446712","Conjunto Brinco E Anel Regulável","Conjunto brinco e anel regulável","48,00","Conjunto","","0","False","False","/imgs/perolla/4446712-1.webp|/imgs/perolla/4446712-2.webp|/imgs/perolla/4446712-3.webp|/imgs/perolla/4446712-4.webp|/imgs/perolla/4446712-5.webp|/imgs/perolla/4446712-6.webp|/imgs/perolla/4446712-7.webp|/imgs/perolla/4446712-8.webp","nao","nao","nao","https://facilzap.com.br/perolladotapajos/produto/4446712"
"4446703","FZ4446703","Brinco Aço Inoxidável","Brinco aço inoxidável","12,00","Brincos","","1","True","False","/imgs/perolla/4446703-1.webp|/imgs/perolla/4446703-2.webp|/imgs/perolla/4446703-3.webp|/imgs/perolla/4446703-4.webp|/imgs/perolla/4446703-5.webp|/imgs/perolla/4446703-6.webp|/imgs/perolla/4446703-7.webp|/imgs/perolla/4446703-8.webp|/imgs/perolla/4446703-9.webp|/imgs/perolla/4446703-10.webp|/imgs/perolla/4446703-11.webp|/imgs/perolla/4446703-12.webp|/imgs/perolla/4446703-13.webp|/imgs/perolla/4446703-14.webp|/imgs/perolla/4446703-15.webp|/imgs/perolla/4446703-16.webp|/imgs/perolla/4446703-17.webp|/imgs/perolla/4446703-18.webp|/imgs/perolla/4446703-19.webp|/imgs/perolla/4446703-20.webp|/imgs/perolla/4446703-21.webp|/imgs/perolla/4446703-22.webp|/imgs/perolla/4446703-23.webp","sim","nao","nao","https://facilzap.com.br/perolladotapajos/produto/4446703"
"4446703","FZ4446703","Brinco Aço Inoxidável","Brinco aço inoxidável","12,00","Brincos","","1","True","False","/imgs/perolla/4446703-1.webp|/imgs/perolla/4446703-2.webp|/imgs/perolla/4446703-3.webp|/imgs/perolla/4446703-4.webp|/imgs/perolla/4446703-5.webp|/imgs/perolla/4446703-6.webp|/imgs/perolla/4446703-7.webp|/imgs/perolla/4446703-8.webp|/imgs/perolla/4446703-9.webp|/imgs/perolla/4446703-10.webp|/imgs/perolla/4446703-11.webp|/imgs/perolla/4446703-12.webp|/imgs/perolla/4446703-13.webp|/imgs/perolla/4446703-14.webp|/imgs/perolla/4446703-15.webp|/imgs/perolla/4446703-16.webp|/imgs/perolla/4446703-17.webp|/imgs/perolla/4446703-18.webp|/imgs/perolla/4446703-19.webp|/imgs/perolla/4446703-20.webp|/imgs/perolla/4446703-21.webp|/imgs/perolla/4446703-22.webp|/imgs/perolla/4446703-23.webp","sim","nao","nao","https://facilzap.com.br/perolladotapajos/produto/4446703"
"4446703","FZ4446703","Brinco Aço Inoxidável","Brinco aço inoxidável","12,00","Brincos","","1","True","False","/imgs/perolla/4446703-1.webp|/imgs/perolla/4446703-2.webp|/imgs/perolla/4446703-3.webp|/imgs/perolla/4446703-4.webp|/imgs/perolla/4446703-5.webp|/imgs/perolla/4446703-6.webp|/imgs/perolla/4446703-7.webp|/imgs/perolla/4446703-8.webp|/imgs/perolla/4446703-9.webp|/imgs/perolla/4446703-10.webp|/imgs/perolla/4446703-11.webp|/imgs/perolla/4446703-12.webp|/imgs/perolla/4446703-13.webp|/imgs/perolla/4446703-14.webp|/imgs/perolla/4446703-15.webp|/imgs/perolla/4446703-16.webp|/imgs/perolla/4446703-17.webp|/imgs/perolla/4446703-18.webp|/imgs/perolla/4446703-19.webp|/imgs/perolla/4446703-20.webp|/imgs/perolla/4446703-21.webp|/imgs/perolla/4446703-22.webp|/imgs/perolla/4446703-23.webp","sim","nao","nao","https://facilzap.com.br/perolladotapajos/produto/4446703"
"4446703","FZ4446703","Brinco Aço Inoxidável","Brinco aço inoxidável","12,00","Brincos","","1","True","False","/imgs/perolla/4446703-1.webp|/imgs/perolla/4446703-2.webp|/imgs/perolla/4446703-3.webp|/imgs/perolla/4446703-4.webp|/imgs/perolla/4446703-5.webp|/imgs/perolla/4446703-6.webp|/imgs/perolla/4446703-7.webp|/imgs/perolla/4446703-8.webp|/imgs/perolla/4446703-9.webp|/imgs/perolla/4446703-10.webp|/imgs/perolla/4446703-11.webp|/imgs/perolla/4446703-12.webp|/imgs/perolla/4446703-13.webp|/imgs/perolla/4446703-14.webp|/imgs/perolla/4446703-15.webp|/imgs/perolla/4446703-16.webp|/imgs/perolla/4446703-17.webp|/imgs/perolla/4446703-18.webp|/imgs/perolla/4446703-19.webp|/imgs/perolla/4446703-20.webp|/imgs/perolla/4446703-21.webp|/imgs/perolla/4446703-22.webp|/imgs/perolla/4446703-23.webp","sim","nao","nao","https://facilzap.com.br/perolladotapajos/produto/4446703"
"4446703","FZ4446703","Brinco Aço Inoxidável","Brinco aço inoxidável","12,00","Brincos","","1","True","False","/imgs/perolla/4446703-1.webp|/imgs/perolla/4446703-2.webp|/imgs/perolla/4446703-3.webp|/imgs/perolla/4446703-4.webp|/imgs/perolla/4446703-5.webp|/imgs/perolla/4446703-6.webp|/imgs/perolla/4446703-7.webp|/imgs/perolla/4446703-8.webp|/imgs/perolla/4446703-9.webp|/imgs/perolla/4446703-10.webp|/imgs/perolla/4446703-11.webp|/imgs/perolla/4446703-12.webp|/imgs/perolla/4446703-13.webp|/imgs/perolla/4446703-14.webp|/imgs/perolla/4446703-15.webp|/imgs/perolla/4446703-16.webp|/imgs/perolla/4446703-17.webp|/imgs/perolla/4446703-18.webp|/imgs/perolla/4446703-19.webp|/imgs/perolla/4446703-20.webp|/imgs/perolla/4446703-21.webp|/imgs/perolla/4446703-22.webp|/imgs/perolla/4446703-23.webp","sim","nao","nao","https://facilzap.com.br/perolladotapajos/produto/4446703"
"3484315","FZ3484315","Colar Folheado Com Pingente","Colar folheado com pingente","65,00","Colares","","1","True","False","/imgs/perolla/3484315-1.webp|/imgs/perolla/3484315-2.webp|/imgs/perolla/3484315-3.webp|/imgs/perolla/3484315-4.webp|/imgs/perolla/3484315-5.webp|/imgs/perolla/3484315-6.webp|/imgs/perolla/3484315-7.webp|/imgs/perolla/3484315-8.webp|/imgs/perolla/3484315-9.webp|/imgs/perolla/3484315-10.webp|/imgs/perolla/3484315-11.webp|/imgs/perolla/3484315-12.webp|/imgs/perolla/3484315-13.webp|/imgs/perolla/3484315-14.webp|/imgs/perolla/3484315-15.webp","nao","nao","nao","https://facilzap.com.br/perolladotapajos/produto/3484315"
"3484315","FZ3484315","Colar Folheado Com Pingente","Colar folheado com pingente","65,00","Colares","","1","True","False","/imgs/perolla/3484315-1.webp|/imgs/perolla/3484315-2.webp|/imgs/perolla/3484315-3.webp|/imgs/perolla/3484315-4.webp|/imgs/perolla/3484315-5.webp|/imgs/perolla/3484315-6.webp|/imgs/perolla/3484315-7.webp|/imgs/perolla/3484315-8.webp|/imgs/perolla/3484315-9.webp|/imgs/perolla/3484315-10.webp|/imgs/perolla/3484315-11.webp|/imgs/perolla/3484315-12.webp|/imgs/perolla/3484315-13.webp|/imgs/perolla/3484315-14.webp|/imgs/perolla/3484315-15.webp","nao","nao","nao","https://facilzap.com.br/perolladotapajos/produto/3484315"
"3484315","FZ3484315","Colar Folheado Com Pingente","Colar folheado com pingente","65,00","Colares","","1","True","False","/imgs/perolla/3484315-1.webp|/imgs/perolla/3484315-2.webp|/imgs/perolla/3484315-3.webp|/imgs/perolla/3484315-4.webp|/imgs/perolla/3484315-5.webp|/imgs/perolla/3484315-6.webp|/imgs/perolla/3484315-7.webp|/imgs/perolla/3484315-8.webp|/imgs/perolla/3484315-9.webp|/imgs/perolla/3484315-10.webp|/imgs/perolla/3484315-11.webp|/imgs/perolla/3484315-12.webp|/imgs/perolla/3484315-13.webp|/imgs/perolla/3484315-14.webp|/imgs/perolla/3484315-15.webp","nao","nao","nao","https://facilzap.com.br/perolladotapajos/produto/3484315"
"3484315","FZ3484315","Colar Folheado Com Pingente","Colar folheado com pingente","65,00","Colares","","1","True","False","/imgs/perolla/3484315-1.webp|/imgs/perolla/3484315-2.webp|/imgs/perolla/3484315-3.webp|/imgs/perolla/3484315-4.webp|/imgs/perolla/3484315-5.webp|/imgs/perolla/3484315-6.webp|/imgs/perolla/3484315-7.webp|/imgs/perolla/3484315-8.webp|/imgs/perolla/3484315-9.webp|/imgs/perolla/3484315-10.webp|/imgs/perolla/3484315-11.webp|/imgs/perolla/3484315-12.webp|/imgs/perolla/3484315-13.webp|/imgs/perolla/3484315-14.webp|/imgs/perolla/3484315-15.webp","nao","nao","nao","https://facilzap.com.br/perolladotapajos/produto/3484315"
"3484315","FZ3484315","Colar Folheado Com Pingente","Colar folheado com pingente","65,00","Colares","","1","True","False","/imgs/perolla/3484315-1.webp|/imgs/perolla/3484315-2.webp|/imgs/perolla/3484315-3.webp|/imgs/perolla/3484315-4.webp|/imgs/perolla/3484315-5.webp|/imgs/perolla/3484315-6.webp|/imgs/perolla/3484315-7.webp|/imgs/perolla/3484315-8.webp|/imgs/perolla/3484315-9.webp|/imgs/perolla/3484315-10.webp|/imgs/perolla/3484315-11.webp|/imgs/perolla/3484315-12.webp|/imgs/perolla/3484315-13.webp|/imgs/perolla/3484315-14.webp|/imgs/perolla/3484315-15.webp","nao","nao","nao","https://facilzap.com.br/perolladotapajos/produto/3484315"
"3482989","FZ3482989","Colar Folheado Com Pingente","Colar folheado com pingente","65,00","Colares","Colar na semijoia cravejada","0","False","False","/imgs/perolla/3482989-1.webp|/imgs/perolla/3482989-2.webp|/imgs/perolla/3482989-3.webp|/imgs/perolla/3482989-4.webp|/imgs/perolla/3482989-5.webp|/imgs/perolla/3482989-6.webp|/imgs/perolla/3482989-7.webp|/imgs/perolla/3482989-8.webp|/imgs/perolla/3482989-9.webp|/imgs/perolla/3482989-10.webp","nao","nao","nao","https://facilzap.com.br/perolladotapajos/produto/3482989"
"3482989","FZ3482989","Colar Folheado Com Pingente","Colar folheado com pingente","65,00","Colares","Colar na semijoia cravejada","0","False","False","/imgs/perolla/3482989-1.webp|/imgs/perolla/3482989-2.webp|/imgs/perolla/3482989-3.webp|/imgs/perolla/3482989-4.webp|/imgs/perolla/3482989-5.webp|/imgs/perolla/3482989-6.webp|/imgs/perolla/3482989-7.webp|/imgs/perolla/3482989-8.webp|/imgs/perolla/3482989-9.webp|/imgs/perolla/3482989-10.webp","nao","nao","nao","https://facilzap.com.br/perolladotapajos/produto/3482989"
"3482989","FZ3482989","Colar Folheado Com Pingente","Colar folheado com pingente","65,00","Colares","Colar na semijoia cravejada","0","False","False","/imgs/perolla/3482989-1.webp|/imgs/perolla/3482989-2.webp|/imgs/perolla/3482989-3.webp|/imgs/perolla/3482989-4.webp|/imgs/perolla/3482989-5.webp|/imgs/perolla/3482989-6.webp|/imgs/perolla/3482989-7.webp|/imgs/perolla/3482989-8.webp|/imgs/perolla/3482989-9.webp|/imgs/perolla/3482989-10.webp","nao","nao","nao","https://facilzap.com.br/perolladotapajos/produto/3482989"
"3482989","FZ3482989","Colar Folheado Com Pingente","Colar folheado com pingente","65,00","Colares","Colar na semijoia cravejada","0","False","False","/imgs/perolla/3482989-1.webp|/imgs/perolla/3482989-2.webp|/imgs/perolla/3482989-3.webp|/imgs/perolla/3482989-4.webp|/imgs/perolla/3482989-5.webp|/imgs/perolla/3482989-6.webp|/imgs/perolla/3482989-7.webp|/imgs/perolla/3482989-8.webp|/imgs/perolla/3482989-9.webp|/imgs/perolla/3482989-10.webp","nao","nao","nao","https://facilzap.com.br/perolladotapajos/produto/3482989"
"3482989","FZ3482989","Colar Folheado Com Pingente","Colar folheado com pingente","65,00","Colares","Colar na semijoia cravejada","0","False","False","/imgs/perolla/3482989-1.webp|/imgs/perolla/3482989-2.webp|/imgs/perolla/3482989-3.webp|/imgs/perolla/3482989-4.webp|/imgs/perolla/3482989-5.webp|/imgs/perolla/3482989-6.webp|/imgs/perolla/3482989-7.webp|/imgs/perolla/3482989-8.webp|/imgs/perolla/3482989-9.webp|/imgs/perolla/3482989-10.webp","nao","nao","nao","https://facilzap.com.br/perolladotapajos/produto/3482989"
"3588655","FZ3588655","Semijoia","Semijoia","80,00","Correntes","","1","True","False","/imgs/perolla/3588655-1.webp","nao","nao","nao","https://facilzap.com.br/perolladotapajos/produto/3588655"
"3588655","FZ3588655","Semijoia","Semijoia","80,00","Correntes","","1","True","False","/imgs/perolla/3588655-1.webp","nao","nao","nao","https://facilzap.com.br/perolladotapajos/produto/3588655"
"3588655","FZ3588655","Semijoia","Semijoia","80,00","Correntes","","1","True","False","/imgs/perolla/3588655-1.webp","nao","nao","nao","https://facilzap.com.br/perolladotapajos/produto/3588655"
"3588655","FZ3588655","Semijoia","Semijoia","80,00","Correntes","","1","True","False","/imgs/perolla/3588655-1.webp","nao","nao","nao","https://facilzap.com.br/perolladotapajos/produto/3588655"
"3588655","FZ3588655","Semijoia","Semijoia","80,00","Correntes","","1","True","False","/imgs/perolla/3588655-1.webp","nao","nao","nao","https://facilzap.com.br/perolladotapajos/produto/3588655"
"3588654","FZ3588654","Semijoia","Semijoia","80,00","Correntes","","1","True","False","/imgs/perolla/3588654-1.webp","nao","nao","nao","https://facilzap.com.br/perolladotapajos/produto/3588654"
"3588654","FZ3588654","Semijoia","Semijoia","80,00","Correntes","","1","True","False","/imgs/perolla/3588654-1.webp","nao","nao","nao","https://facilzap.com.br/perolladotapajos/produto/3588654"
"3588654","FZ3588654","Semijoia","Semijoia","80,00","Correntes","","1","True","False","/imgs/perolla/3588654-1.webp","nao","nao","nao","https://facilzap.com.br/perolladotapajos/produto/3588654"
"3588654","FZ3588654","Semijoia","Semijoia","80,00","Correntes","","1","True","False","/imgs/perolla/3588654-1.webp","nao","nao","nao","https://facilzap.com.br/perolladotapajos/produto/3588654"
"3588654","FZ3588654","Semijoia","Semijoia","80,00","Correntes","","1","True","False","/imgs/perolla/3588654-1.webp","nao","nao","nao","https://facilzap.com.br/perolladotapajos/produto/3588654"
"3588653","FZ3588653","Semijoia","Semijoia","120,00","Correntes","","1","True","False","/imgs/perolla/3588653-1.webp","nao","nao","nao","https://facilzap.com.br/perolladotapajos/produto/3588653"
"3588653","FZ3588653","Semijoia","Semijoia","120,00","Correntes","","1","True","False","/imgs/perolla/3588653-1.webp","nao","nao","nao","https://facilzap.com.br/perolladotapajos/produto/3588653"
"3588653","FZ3588653","Semijoia","Semijoia","120,00","Correntes","","1","True","False","/imgs/perolla/3588653-1.webp","nao","nao","nao","https://facilzap.com.br/perolladotapajos/produto/3588653"
"3588653","FZ3588653","Semijoia","Semijoia","120,00","Correntes","","1","True","False","/imgs/perolla/3588653-1.webp","nao","nao","nao","https://facilzap.com.br/perolladotapajos/produto/3588653"
"3588653","FZ3588653","Semijoia","Semijoia","120,00","Correntes","","1","True","False","/imgs/perolla/3588653-1.webp","nao","nao","nao","https://facilzap.com.br/perolladotapajos/produto/3588653"
"3588652","FZ3588652","Semijoia","Semijoia","120,00","Correntes","","1","True","False","/imgs/perolla/3588652-1.webp","nao","nao","nao","https://facilzap.com.br/perolladotapajos/produto/3588652"
"3588652","FZ3588652","Semijoia","Semijoia","120,00","Correntes","","1","True","False","/imgs/perolla/3588652-1.webp","nao","nao","nao","https://facilzap.com.br/perolladotapajos/produto/3588652"
"3588652","FZ3588652","Semijoia","Semijoia","120,00","Correntes","","1","True","False","/imgs/perolla/3588652-1.webp","nao","nao","nao","https://facilzap.com.br/perolladotapajos/produto/3588652"
"3588652","FZ3588652","Semijoia","Semijoia","120,00","Correntes","","1","True","False","/imgs/perolla/3588652-1.webp","nao","nao","nao","https://facilzap.com.br/perolladotapajos/produto/3588652"
"3588652","FZ3588652","Semijoia","Semijoia","120,00","Correntes","","1","True","False","/imgs/perolla/3588652-1.webp","nao","nao","nao","https://facilzap.com.br/perolladotapajos/produto/3588652"
"3588651","FZ3588651","Semijoia","Semijoia","80,00","Correntes","","1","True","False","/imgs/perolla/3588651-1.webp","nao","nao","nao","https://facilzap.com.br/perolladotapajos/produto/3588651"
"3588651","FZ3588651","Semijoia","Semijoia","80,00","Correntes","","1","True","False","/imgs/perolla/3588651-1.webp","nao","nao","nao","https://facilzap.com.br/perolladotapajos/produto/3588651"
"3588651","FZ3588651","Semijoia","Semijoia","80,00","Correntes","","1","True","False","/imgs/perolla/3588651-1.webp","nao","nao","nao","https://facilzap.com.br/perolladotapajos/produto/3588651"
"3588651","FZ3588651","Semijoia","Semijoia","80,00","Correntes","","1","True","False","/imgs/perolla/3588651-1.webp","nao","nao","nao","https://facilzap.com.br/perolladotapajos/produto/3588651"
"3588651","FZ3588651","Semijoia","Semijoia","80,00","Correntes","","1","True","False","/imgs/perolla/3588651-1.webp","nao","nao","nao","https://facilzap.com.br/perolladotapajos/produto/3588651"
"3588650","FZ3588650","Semijoia Dois Banhos. Coleção Super","Semijoia","80,00","Correntes","Dois banhos. Coleção super em alta","1","True","False","/imgs/perolla/3588650-1.webp","nao","nao","nao","https://facilzap.com.br/perolladotapajos/produto/3588650"
"3588650","FZ3588650","Semijoia Dois Banhos. Coleção Super","Semijoia","80,00","Correntes","Dois banhos. Coleção super em alta","1","True","False","/imgs/perolla/3588650-1.webp","nao","nao","nao","https://facilzap.com.br/perolladotapajos/produto/3588650"
"3588650","FZ3588650","Semijoia Dois Banhos. Coleção Super","Semijoia","80,00","Correntes","Dois banhos. Coleção super em alta","1","True","False","/imgs/perolla/3588650-1.webp","nao","nao","nao","https://facilzap.com.br/perolladotapajos/produto/3588650"
"3588650","FZ3588650","Semijoia Dois Banhos. Coleção Super","Semijoia","80,00","Correntes","Dois banhos. Coleção super em alta","1","True","False","/imgs/perolla/3588650-1.webp","nao","nao","nao","https://facilzap.com.br/perolladotapajos/produto/3588650"
"3588650","FZ3588650","Semijoia Dois Banhos. Coleção Super","Semijoia","80,00","Correntes","Dois banhos. Coleção super em alta","1","True","False","/imgs/perolla/3588650-1.webp","nao","nao","nao","https://facilzap.com.br/perolladotapajos/produto/3588650"
"3588649","FZ3588649","Semijoia","Semijoia","100,00","Correntes","","1","True","False","/imgs/perolla/3588649-1.webp","nao","nao","nao","https://facilzap.com.br/perolladotapajos/produto/3588649"
"3588649","FZ3588649","Semijoia","Semijoia","100,00","Correntes","","1","True","False","/imgs/perolla/3588649-1.webp","nao","nao","nao","https://facilzap.com.br/perolladotapajos/produto/3588649"
"3588649","FZ3588649","Semijoia","Semijoia","100,00","Correntes","","1","True","False","/imgs/perolla/3588649-1.webp","nao","nao","nao","https://facilzap.com.br/perolladotapajos/produto/3588649"
"3588649","FZ3588649","Semijoia","Semijoia","100,00","Correntes","","1","True","False","/imgs/perolla/3588649-1.webp","nao","nao","nao","https://facilzap.com.br/perolladotapajos/produto/3588649"
"3588649","FZ3588649","Semijoia","Semijoia","100,00","Correntes","","1","True","False","/imgs/perolla/3588649-1.webp","nao","nao","nao","https://facilzap.com.br/perolladotapajos/produto/3588649"
"3588648","FZ3588648","Semijoia","Semijoia","100,00","Correntes","","1","True","False","/imgs/perolla/3588648-1.webp","nao","nao","nao","https://facilzap.com.br/perolladotapajos/produto/3588648"
"3588648","FZ3588648","Semijoia","Semijoia","100,00","Correntes","","1","True","False","/imgs/perolla/3588648-1.webp","nao","nao","nao","https://facilzap.com.br/perolladotapajos/produto/3588648"
"3588648","FZ3588648","Semijoia","Semijoia","100,00","Correntes","","1","True","False","/imgs/perolla/3588648-1.webp","nao","nao","nao","https://facilzap.com.br/perolladotapajos/produto/3588648"
"3588648","FZ3588648","Semijoia","Semijoia","100,00","Correntes","","1","True","False","/imgs/perolla/3588648-1.webp","nao","nao","nao","https://facilzap.com.br/perolladotapajos/produto/3588648"
"3588648","FZ3588648","Semijoia","Semijoia","100,00","Correntes","","1","True","False","/imgs/perolla/3588648-1.webp","nao","nao","nao","https://facilzap.com.br/perolladotapajos/produto/3588648"
"3588645","FZ3588645","Semijoia","Semijoia","100,00","Correntes","","1","True","False","/imgs/perolla/3588645-1.webp","nao","nao","nao","https://facilzap.com.br/perolladotapajos/produto/3588645"
"3588645","FZ3588645","Semijoia","Semijoia","100,00","Correntes","","1","True","False","/imgs/perolla/3588645-1.webp","nao","nao","nao","https://facilzap.com.br/perolladotapajos/produto/3588645"
"3588645","FZ3588645","Semijoia","Semijoia","100,00","Correntes","","1","True","False","/imgs/perolla/3588645-1.webp","nao","nao","nao","https://facilzap.com.br/perolladotapajos/produto/3588645"
"3588645","FZ3588645","Semijoia","Semijoia","100,00","Correntes","","1","True","False","/imgs/perolla/3588645-1.webp","nao","nao","nao","https://facilzap.com.br/perolladotapajos/produto/3588645"
"3588645","FZ3588645","Semijoia","Semijoia","100,00","Correntes","","1","True","False","/imgs/perolla/3588645-1.webp","nao","nao","nao","https://facilzap.com.br/perolladotapajos/produto/3588645"
"3588644","FZ3588644","Semijoia","Semijoias","100,00","Correntes","","1","True","False","/imgs/perolla/3588644-1.webp","nao","nao","nao","https://facilzap.com.br/perolladotapajos/produto/3588644"
"3588644","FZ3588644","Semijoia","Semijoias","100,00","Correntes","","1","True","False","/imgs/perolla/3588644-1.webp","nao","nao","nao","https://facilzap.com.br/perolladotapajos/produto/3588644"
"3588644","FZ3588644","Semijoia","Semijoias","100,00","Correntes","","1","True","False","/imgs/perolla/3588644-1.webp","nao","nao","nao","https://facilzap.com.br/perolladotapajos/produto/3588644"
"3588644","FZ3588644","Semijoia","Semijoias","100,00","Correntes","","1","True","False","/imgs/perolla/3588644-1.webp","nao","nao","nao","https://facilzap.com.br/perolladotapajos/produto/3588644"
"3588644","FZ3588644","Semijoia","Semijoias","100,00","Correntes","","1","True","False","/imgs/perolla/3588644-1.webp","nao","nao","nao","https://facilzap.com.br/perolladotapajos/produto/3588644"
"3588643","FZ3588643","Semijoia","Semijoia","120,00","Correntes","","1","True","False","/imgs/perolla/3588643-1.webp","nao","nao","nao","https://facilzap.com.br/perolladotapajos/produto/3588643"
"3588643","FZ3588643","Semijoia","Semijoia","120,00","Correntes","","1","True","False","/imgs/perolla/3588643-1.webp","nao","nao","nao","https://facilzap.com.br/perolladotapajos/produto/3588643"
"3588643","FZ3588643","Semijoia","Semijoia","120,00","Correntes","","1","True","False","/imgs/perolla/3588643-1.webp","nao","nao","nao","https://facilzap.com.br/perolladotapajos/produto/3588643"
"3588643","FZ3588643","Semijoia","Semijoia","120,00","Correntes","","1","True","False","/imgs/perolla/3588643-1.webp","nao","nao","nao","https://facilzap.com.br/perolladotapajos/produto/3588643"
"3588643","FZ3588643","Semijoia","Semijoia","120,00","Correntes","","1","True","False","/imgs/perolla/3588643-1.webp","nao","nao","nao","https://facilzap.com.br/perolladotapajos/produto/3588643"
"3588642","FZ3588642","Semijoia","Semijoias","120,00","Correntes","","1","True","False","/imgs/perolla/3588642-1.webp","nao","nao","nao","https://facilzap.com.br/perolladotapajos/produto/3588642"
"3588642","FZ3588642","Semijoia","Semijoias","120,00","Correntes","","1","True","False","/imgs/perolla/3588642-1.webp","nao","nao","nao","https://facilzap.com.br/perolladotapajos/produto/3588642"
"3588642","FZ3588642","Semijoia","Semijoias","120,00","Correntes","","1","True","False","/imgs/perolla/3588642-1.webp","nao","nao","nao","https://facilzap.com.br/perolladotapajos/produto/3588642"
"3588642","FZ3588642","Semijoia","Semijoias","120,00","Correntes","","1","True","False","/imgs/perolla/3588642-1.webp","nao","nao","nao","https://facilzap.com.br/perolladotapajos/produto/3588642"
"3588642","FZ3588642","Semijoia","Semijoias","120,00","Correntes","","1","True","False","/imgs/perolla/3588642-1.webp","nao","nao","nao","https://facilzap.com.br/perolladotapajos/produto/3588642"
"3588641","FZ3588641","Semijoia","Semijoia","120,00","Correntes","","1","True","False","/imgs/perolla/3588641-1.webp","nao","nao","nao","https://facilzap.com.br/perolladotapajos/produto/3588641"
"3588641","FZ3588641","Semijoia","Semijoia","120,00","Correntes","","1","True","False","/imgs/perolla/3588641-1.webp","nao","nao","nao","https://facilzap.com.br/perolladotapajos/produto/3588641"
"3588641","FZ3588641","Semijoia","Semijoia","120,00","Correntes","","1","True","False","/imgs/perolla/3588641-1.webp","nao","nao","nao","https://facilzap.com.br/perolladotapajos/produto/3588641"
"3588641","FZ3588641","Semijoia","Semijoia","120,00","Correntes","","1","True","False","/imgs/perolla/3588641-1.webp","nao","nao","nao","https://facilzap.com.br/perolladotapajos/produto/3588641"
"3588641","FZ3588641","Semijoia","Semijoia","120,00","Correntes","","1","True","False","/imgs/perolla/3588641-1.webp","nao","nao","nao","https://facilzap.com.br/perolladotapajos/produto/3588641"
"3588640","FZ3588640","Semijoia","Semijoia","120,00","Correntes","","1","True","False","/imgs/perolla/3588640-1.webp","nao","nao","nao","https://facilzap.com.br/perolladotapajos/produto/3588640"
"3588640","FZ3588640","Semijoia","Semijoia","120,00","Correntes","","1","True","False","/imgs/perolla/3588640-1.webp","nao","nao","nao","https://facilzap.com.br/perolladotapajos/produto/3588640"
"3588640","FZ3588640","Semijoia","Semijoia","120,00","Correntes","","1","True","False","/imgs/perolla/3588640-1.webp","nao","nao","nao","https://facilzap.com.br/perolladotapajos/produto/3588640"
"3588640","FZ3588640","Semijoia","Semijoia","120,00","Correntes","","1","True","False","/imgs/perolla/3588640-1.webp","nao","nao","nao","https://facilzap.com.br/perolladotapajos/produto/3588640"
"3588640","FZ3588640","Semijoia","Semijoia","120,00","Correntes","","1","True","False","/imgs/perolla/3588640-1.webp","nao","nao","nao","https://facilzap.com.br/perolladotapajos/produto/3588640"
"3588639","FZ3588639","Semijoia 2 Tipos De Corrente","Semijoia","120,00","Correntes","2 tipos de corrente","1","True","False","/imgs/perolla/3588639-1.webp","nao","nao","nao","https://facilzap.com.br/perolladotapajos/produto/3588639"
"3588639","FZ3588639","Semijoia 2 Tipos De Corrente","Semijoia","120,00","Correntes","2 tipos de corrente","1","True","False","/imgs/perolla/3588639-1.webp","nao","nao","nao","https://facilzap.com.br/perolladotapajos/produto/3588639"
"3588639","FZ3588639","Semijoia 2 Tipos De Corrente","Semijoia","120,00","Correntes","2 tipos de corrente","1","True","False","/imgs/perolla/3588639-1.webp","nao","nao","nao","https://facilzap.com.br/perolladotapajos/produto/3588639"
"3588639","FZ3588639","Semijoia 2 Tipos De Corrente","Semijoia","120,00","Correntes","2 tipos de corrente","1","True","False","/imgs/perolla/3588639-1.webp","nao","nao","nao","https://facilzap.com.br/perolladotapajos/produto/3588639"
"3588639","FZ3588639","Semijoia 2 Tipos De Corrente","Semijoia","120,00","Correntes","2 tipos de corrente","1","True","False","/imgs/perolla/3588639-1.webp","nao","nao","nao","https://facilzap.com.br/perolladotapajos/produto/3588639"
"3588638","FZ3588638","Semijoia","Semijoia","120,00","Correntes","","1","True","False","/imgs/perolla/3588638-1.webp","nao","nao","nao","https://facilzap.com.br/perolladotapajos/produto/3588638"
"3588638","FZ3588638","Semijoia","Semijoia","120,00","Correntes","","1","True","False","/imgs/perolla/3588638-1.webp","nao","nao","nao","https://facilzap.com.br/perolladotapajos/produto/3588638"
"3588638","FZ3588638","Semijoia","Semijoia","120,00","Correntes","","1","True","False","/imgs/perolla/3588638-1.webp","nao","nao","nao","https://facilzap.com.br/perolladotapajos/produto/3588638"
"3588638","FZ3588638","Semijoia","Semijoia","120,00","Correntes","","1","True","False","/imgs/perolla/3588638-1.webp","nao","nao","nao","https://facilzap.com.br/perolladotapajos/produto/3588638"
"3588638","FZ3588638","Semijoia","Semijoia","120,00","Correntes","","1","True","False","/imgs/perolla/3588638-1.webp","nao","nao","nao","https://facilzap.com.br/perolladotapajos/produto/3588638"
"3588637","FZ3588637","Semijoia","Semijoia","120,00","Correntes","","1","True","False","/imgs/perolla/3588637-1.webp","nao","nao","nao","https://facilzap.com.br/perolladotapajos/produto/3588637"
"3588637","FZ3588637","Semijoia","Semijoia","120,00","Correntes","","1","True","False","/imgs/perolla/3588637-1.webp","nao","nao","nao","https://facilzap.com.br/perolladotapajos/produto/3588637"
"3588637","FZ3588637","Semijoia","Semijoia","120,00","Correntes","","1","True","False","/imgs/perolla/3588637-1.webp","nao","nao","nao","https://facilzap.com.br/perolladotapajos/produto/3588637"
"3588637","FZ3588637","Semijoia","Semijoia","120,00","Correntes","","1","True","False","/imgs/perolla/3588637-1.webp","nao","nao","nao","https://facilzap.com.br/perolladotapajos/produto/3588637"
"3588637","FZ3588637","Semijoia","Semijoia","120,00","Correntes","","1","True","False","/imgs/perolla/3588637-1.webp","nao","nao","nao","https://facilzap.com.br/perolladotapajos/produto/3588637"
"3588636","FZ3588636","Semijoia","Semijoia","100,00","Correntes","","1","True","False","/imgs/perolla/3588636-1.webp","nao","nao","nao","https://facilzap.com.br/perolladotapajos/produto/3588636"
"3588636","FZ3588636","Semijoia","Semijoia","100,00","Correntes","","1","True","False","/imgs/perolla/3588636-1.webp","nao","nao","nao","https://facilzap.com.br/perolladotapajos/produto/3588636"
"3588636","FZ3588636","Semijoia","Semijoia","100,00","Correntes","","1","True","False","/imgs/perolla/3588636-1.webp","nao","nao","nao","https://facilzap.com.br/perolladotapajos/produto/3588636"
"3588636","FZ3588636","Semijoia","Semijoia","100,00","Correntes","","1","True","False","/imgs/perolla/3588636-1.webp","nao","nao","nao","https://facilzap.com.br/perolladotapajos/produto/3588636"
"3588636","FZ3588636","Semijoia","Semijoia","100,00","Correntes","","1","True","False","/imgs/perolla/3588636-1.webp","nao","nao","nao","https://facilzap.com.br/perolladotapajos/produto/3588636"
"3588635","FZ3588635","Semijoia Cravejado","Semijoia","100,00","Correntes","Cravejado","1","True","False","/imgs/perolla/3588635-1.webp","nao","nao","nao","https://facilzap.com.br/perolladotapajos/produto/3588635"
"3588635","FZ3588635","Semijoia Cravejado","Semijoia","100,00","Correntes","Cravejado","1","True","False","/imgs/perolla/3588635-1.webp","nao","nao","nao","https://facilzap.com.br/perolladotapajos/produto/3588635"
"3588635","FZ3588635","Semijoia Cravejado","Semijoia","100,00","Correntes","Cravejado","1","True","False","/imgs/perolla/3588635-1.webp","nao","nao","nao","https://facilzap.com.br/perolladotapajos/produto/3588635"
"3588635","FZ3588635","Semijoia Cravejado","Semijoia","100,00","Correntes","Cravejado","1","True","False","/imgs/perolla/3588635-1.webp","nao","nao","nao","https://facilzap.com.br/perolladotapajos/produto/3588635"
"3588635","FZ3588635","Semijoia Cravejado","Semijoia","100,00","Correntes","Cravejado","1","True","False","/imgs/perolla/3588635-1.webp","nao","nao","nao","https://facilzap.com.br/perolladotapajos/produto/3588635"
"3588634","FZ3588634","Colar","Colar","120,00","Correntes","","1","True","False","/imgs/perolla/3588634-1.webp","nao","nao","nao","https://facilzap.com.br/perolladotapajos/produto/3588634"
"3588634","FZ3588634","Colar","Colar","120,00","Correntes","","1","True","False","/imgs/perolla/3588634-1.webp","nao","nao","nao","https://facilzap.com.br/perolladotapajos/produto/3588634"
"3588634","FZ3588634","Colar","Colar","120,00","Correntes","","1","True","False","/imgs/perolla/3588634-1.webp","nao","nao","nao","https://facilzap.com.br/perolladotapajos/produto/3588634"
"3588634","FZ3588634","Colar","Colar","120,00","Correntes","","1","True","False","/imgs/perolla/3588634-1.webp","nao","nao","nao","https://facilzap.com.br/perolladotapajos/produto/3588634"
"3588634","FZ3588634","Colar","Colar","120,00","Correntes","","1","True","False","/imgs/perolla/3588634-1.webp","nao","nao","nao","https://facilzap.com.br/perolladotapajos/produto/3588634"
"3588633","FZ3588633","Colar Semijoia","Colar semijoia","120,00","Correntes","","1","True","False","/imgs/perolla/3588633-1.webp","nao","nao","nao","https://facilzap.com.br/perolladotapajos/produto/3588633"
"3588633","FZ3588633","Colar Semijoia","Colar semijoia","120,00","Correntes","","1","True","False","/imgs/perolla/3588633-1.webp","nao","nao","nao","https://facilzap.com.br/perolladotapajos/produto/3588633"
"3588633","FZ3588633","Colar Semijoia","Colar semijoia","120,00","Correntes","","1","True","False","/imgs/perolla/3588633-1.webp","nao","nao","nao","https://facilzap.com.br/perolladotapajos/produto/3588633"
"3588633","FZ3588633","Colar Semijoia","Colar semijoia","120,00","Correntes","","1","True","False","/imgs/perolla/3588633-1.webp","nao","nao","nao","https://facilzap.com.br/perolladotapajos/produto/3588633"
"3588633","FZ3588633","Colar Semijoia","Colar semijoia","120,00","Correntes","","1","True","False","/imgs/perolla/3588633-1.webp","nao","nao","nao","https://facilzap.com.br/perolladotapajos/produto/3588633"
"3497532","FZ3497532","Anel Pérola","Anel pérola","30,00","Anéis","Cravejado de pérolas","1","True","False","/imgs/perolla/3497532-1.webp","nao","nao","nao","https://facilzap.com.br/perolladotapajos/produto/3497532"
"3497532","FZ3497532","Anel Pérola","Anel pérola","30,00","Anéis","Cravejado de pérolas","1","True","False","/imgs/perolla/3497532-1.webp","nao","nao","nao","https://facilzap.com.br/perolladotapajos/produto/3497532"
"3497532","FZ3497532","Anel Pérola","Anel pérola","30,00","Anéis","Cravejado de pérolas","1","True","False","/imgs/perolla/3497532-1.webp","nao","nao","nao","https://facilzap.com.br/perolladotapajos/produto/3497532"
"3497532","FZ3497532","Anel Pérola","Anel pérola","30,00","Anéis","Cravejado de pérolas","1","True","False","/imgs/perolla/3497532-1.webp","nao","nao","nao","https://facilzap.com.br/perolladotapajos/produto/3497532"
"3497532","FZ3497532","Anel Pérola","Anel pérola","30,00","Anéis","Cravejado de pérolas","1","True","False","/imgs/perolla/3497532-1.webp","nao","nao","nao","https://facilzap.com.br/perolladotapajos/produto/3497532"
"3497531","FZ3497531","Anel Pérola","Anel pérola","35,00","Anéis","Folheado","1","True","False","/imgs/perolla/3497531-1.webp","nao","nao","nao","https://facilzap.com.br/perolladotapajos/produto/3497531"
"3497531","FZ3497531","Anel Pérola","Anel pérola","35,00","Anéis","Folheado","1","True","False","/imgs/perolla/3497531-1.webp","nao","nao","nao","https://facilzap.com.br/perolladotapajos/produto/3497531"
"3497531","FZ3497531","Anel Pérola","Anel pérola","35,00","Anéis","Folheado","1","True","False","/imgs/perolla/3497531-1.webp","nao","nao","nao","https://facilzap.com.br/perolladotapajos/produto/3497531"
"3497531","FZ3497531","Anel Pérola","Anel pérola","35,00","Anéis","Folheado","1","True","False","/imgs/perolla/3497531-1.webp","nao","nao","nao","https://facilzap.com.br/perolladotapajos/produto/3497531"
"3497531","FZ3497531","Anel Pérola","Anel pérola","35,00","Anéis","Folheado","1","True","False","/imgs/perolla/3497531-1.webp","nao","nao","nao","https://facilzap.com.br/perolladotapajos/produto/3497531"
"3497530","FZ3497530","Anel Pérola","Anel pérola","30,00","Anéis","Anel pérola","1","True","False","/imgs/perolla/3497530-1.webp","nao","nao","nao","https://facilzap.com.br/perolladotapajos/produto/3497530"
"3497530","FZ3497530","Anel Pérola","Anel pérola","30,00","Anéis","Anel pérola","1","True","False","/imgs/perolla/3497530-1.webp","nao","nao","nao","https://facilzap.com.br/perolladotapajos/produto/3497530"
"3497530","FZ3497530","Anel Pérola","Anel pérola","30,00","Anéis","Anel pérola","1","True","False","/imgs/perolla/3497530-1.webp","nao","nao","nao","https://facilzap.com.br/perolladotapajos/produto/3497530"
"3497530","FZ3497530","Anel Pérola","Anel pérola","30,00","Anéis","Anel pérola","1","True","False","/imgs/perolla/3497530-1.webp","nao","nao","nao","https://facilzap.com.br/perolladotapajos/produto/3497530"
"3497530","FZ3497530","Anel Pérola","Anel pérola","30,00","Anéis","Anel pérola","1","True","False","/imgs/perolla/3497530-1.webp","nao","nao","nao","https://facilzap.com.br/perolladotapajos/produto/3497530"
"3497529","FZ3497529","Anel Laço Folheado","Anel","25,00","Anéis","Laço folheado","1","True","False","/imgs/perolla/3497529-1.webp","nao","nao","nao","https://facilzap.com.br/perolladotapajos/produto/3497529"
"3497529","FZ3497529","Anel Laço Folheado","Anel","25,00","Anéis","Laço folheado","1","True","False","/imgs/perolla/3497529-1.webp","nao","nao","nao","https://facilzap.com.br/perolladotapajos/produto/3497529"
"3497529","FZ3497529","Anel Laço Folheado","Anel","25,00","Anéis","Laço folheado","1","True","False","/imgs/perolla/3497529-1.webp","nao","nao","nao","https://facilzap.com.br/perolladotapajos/produto/3497529"
"3497529","FZ3497529","Anel Laço Folheado","Anel","25,00","Anéis","Laço folheado","1","True","False","/imgs/perolla/3497529-1.webp","nao","nao","nao","https://facilzap.com.br/perolladotapajos/produto/3497529"
"3497529","FZ3497529","Anel Laço Folheado","Anel","25,00","Anéis","Laço folheado","1","True","False","/imgs/perolla/3497529-1.webp","nao","nao","nao","https://facilzap.com.br/perolladotapajos/produto/3497529"
"3497528","FZ3497528","Anel Prata","Anel","50,00","Anéis","Prata","1","True","False","/imgs/perolla/3497528-1.webp","nao","nao","nao","https://facilzap.com.br/perolladotapajos/produto/3497528"
"3497528","FZ3497528","Anel Prata","Anel","50,00","Anéis","Prata","1","True","False","/imgs/perolla/3497528-1.webp","nao","nao","nao","https://facilzap.com.br/perolladotapajos/produto/3497528"
"3497528","FZ3497528","Anel Prata","Anel","50,00","Anéis","Prata","1","True","False","/imgs/perolla/3497528-1.webp","nao","nao","nao","https://facilzap.com.br/perolladotapajos/produto/3497528"
"3497528","FZ3497528","Anel Prata","Anel","50,00","Anéis","Prata","1","True","False","/imgs/perolla/3497528-1.webp","nao","nao","nao","https://facilzap.com.br/perolladotapajos/produto/3497528"
"3497528","FZ3497528","Anel Prata","Anel","50,00","Anéis","Prata","1","True","False","/imgs/perolla/3497528-1.webp","nao","nao","nao","https://facilzap.com.br/perolladotapajos/produto/3497528"
"3497527","FZ3497527","Anel Cravejado De Coração","Anel","25,00","Anéis","Cravejado de coração","1","True","False","/imgs/perolla/3497527-1.webp","nao","nao","nao","https://facilzap.com.br/perolladotapajos/produto/3497527"
"3497527","FZ3497527","Anel Cravejado De Coração","Anel","25,00","Anéis","Cravejado de coração","1","True","False","/imgs/perolla/3497527-1.webp","nao","nao","nao","https://facilzap.com.br/perolladotapajos/produto/3497527"
"3497527","FZ3497527","Anel Cravejado De Coração","Anel","25,00","Anéis","Cravejado de coração","1","True","False","/imgs/perolla/3497527-1.webp","nao","nao","nao","https://facilzap.com.br/perolladotapajos/produto/3497527"
"3497527","FZ3497527","Anel Cravejado De Coração","Anel","25,00","Anéis","Cravejado de coração","1","True","False","/imgs/perolla/3497527-1.webp","nao","nao","nao","https://facilzap.com.br/perolladotapajos/produto/3497527"
"3497527","FZ3497527","Anel Cravejado De Coração","Anel","25,00","Anéis","Cravejado de coração","1","True","False","/imgs/perolla/3497527-1.webp","nao","nao","nao","https://facilzap.com.br/perolladotapajos/produto/3497527"
"3497526","FZ3497526","Anel Anel Semijoia Coração E","Anel","50,00","Anéis","Anel semijoia coração e fé","1","True","False","/imgs/perolla/3497526-1.webp","nao","nao","nao","https://facilzap.com.br/perolladotapajos/produto/3497526"
"3497526","FZ3497526","Anel Anel Semijoia Coração E","Anel","50,00","Anéis","Anel semijoia coração e fé","1","True","False","/imgs/perolla/3497526-1.webp","nao","nao","nao","https://facilzap.com.br/perolladotapajos/produto/3497526"
"3497526","FZ3497526","Anel Anel Semijoia Coração E","Anel","50,00","Anéis","Anel semijoia coração e fé","1","True","False","/imgs/perolla/3497526-1.webp","nao","nao","nao","https://facilzap.com.br/perolladotapajos/produto/3497526"
"3497526","FZ3497526","Anel Anel Semijoia Coração E","Anel","50,00","Anéis","Anel semijoia coração e fé","1","True","False","/imgs/perolla/3497526-1.webp","nao","nao","nao","https://facilzap.com.br/perolladotapajos/produto/3497526"
"3497526","FZ3497526","Anel Anel Semijoia Coração E","Anel","50,00","Anéis","Anel semijoia coração e fé","1","True","False","/imgs/perolla/3497526-1.webp","nao","nao","nao","https://facilzap.com.br/perolladotapajos/produto/3497526"
"3497525","FZ3497525","Anel Semijoias. Cacto E Fé","Anel","50,00","Anéis","Semijoias. Cacto e fé","1","True","False","/imgs/perolla/3497525-1.webp","nao","nao","nao","https://facilzap.com.br/perolladotapajos/produto/3497525"
"3497525","FZ3497525","Anel Semijoias. Cacto E Fé","Anel","50,00","Anéis","Semijoias. Cacto e fé","1","True","False","/imgs/perolla/3497525-1.webp","nao","nao","nao","https://facilzap.com.br/perolladotapajos/produto/3497525"
"3497525","FZ3497525","Anel Semijoias. Cacto E Fé","Anel","50,00","Anéis","Semijoias. Cacto e fé","1","True","False","/imgs/perolla/3497525-1.webp","nao","nao","nao","https://facilzap.com.br/perolladotapajos/produto/3497525"
"3497525","FZ3497525","Anel Semijoias. Cacto E Fé","Anel","50,00","Anéis","Semijoias. Cacto e fé","1","True","False","/imgs/perolla/3497525-1.webp","nao","nao","nao","https://facilzap.com.br/perolladotapajos/produto/3497525"
"3497525","FZ3497525","Anel Semijoias. Cacto E Fé","Anel","50,00","Anéis","Semijoias. Cacto e fé","1","True","False","/imgs/perolla/3497525-1.webp","nao","nao","nao","https://facilzap.com.br/perolladotapajos/produto/3497525"
"3497524","FZ3497524","Anel","Anel","35,00","Anéis","","1","True","False","/imgs/perolla/3497524-1.webp","nao","nao","nao","https://facilzap.com.br/perolladotapajos/produto/3497524"
"3497524","FZ3497524","Anel","Anel","35,00","Anéis","","1","True","False","/imgs/perolla/3497524-1.webp","nao","nao","nao","https://facilzap.com.br/perolladotapajos/produto/3497524"
"3497524","FZ3497524","Anel","Anel","35,00","Anéis","","1","True","False","/imgs/perolla/3497524-1.webp","nao","nao","nao","https://facilzap.com.br/perolladotapajos/produto/3497524"
"3497524","FZ3497524","Anel","Anel","35,00","Anéis","","1","True","False","/imgs/perolla/3497524-1.webp","nao","nao","nao","https://facilzap.com.br/perolladotapajos/produto/3497524"
"3497524","FZ3497524","Anel","Anel","35,00","Anéis","","1","True","False","/imgs/perolla/3497524-1.webp","nao","nao","nao","https://facilzap.com.br/perolladotapajos/produto/3497524"
"3497523","FZ3497523","Anel","Anel","35,00","Anéis","","1","True","False","/imgs/perolla/3497523-1.webp","nao","nao","nao","https://facilzap.com.br/perolladotapajos/produto/3497523"
"3497523","FZ3497523","Anel","Anel","35,00","Anéis","","1","True","False","/imgs/perolla/3497523-1.webp","nao","nao","nao","https://facilzap.com.br/perolladotapajos/produto/3497523"
"3497523","FZ3497523","Anel","Anel","35,00","Anéis","","1","True","False","/imgs/perolla/3497523-1.webp","nao","nao","nao","https://facilzap.com.br/perolladotapajos/produto/3497523"
"3497523","FZ3497523","Anel","Anel","35,00","Anéis","","1","True","False","/imgs/perolla/3497523-1.webp","nao","nao","nao","https://facilzap.com.br/perolladotapajos/produto/3497523"
"3497523","FZ3497523","Anel","Anel","35,00","Anéis","","1","True","False","/imgs/perolla/3497523-1.webp","nao","nao","nao","https://facilzap.com.br/perolladotapajos/produto/3497523"
"3497522","FZ3497522","Anel","Anel","35,00","Anéis","","1","True","False","/imgs/perolla/3497522-1.webp","nao","nao","nao","https://facilzap.com.br/perolladotapajos/produto/3497522"
"3497522","FZ3497522","Anel","Anel","35,00","Anéis","","1","True","False","/imgs/perolla/3497522-1.webp","nao","nao","nao","https://facilzap.com.br/perolladotapajos/produto/3497522"
"3497522","FZ3497522","Anel","Anel","35,00","Anéis","","1","True","False","/imgs/perolla/3497522-1.webp","nao","nao","nao","https://facilzap.com.br/perolladotapajos/produto/3497522"
"3497522","FZ3497522","Anel","Anel","35,00","Anéis","","1","True","False","/imgs/perolla/3497522-1.webp","nao","nao","nao","https://facilzap.com.br/perolladotapajos/produto/3497522"
"3497522","FZ3497522","Anel","Anel","35,00","Anéis","","1","True","False","/imgs/perolla/3497522-1.webp","nao","nao","nao","https://facilzap.com.br/perolladotapajos/produto/3497522"
"3497520","FZ3497520","Anel","Anel","30,00","Anéis","","1","True","False","/imgs/perolla/3497520-1.webp","nao","nao","nao","https://facilzap.com.br/perolladotapajos/produto/3497520"
"3497520","FZ3497520","Anel","Anel","30,00","Anéis","","1","True","False","/imgs/perolla/3497520-1.webp","nao","nao","nao","https://facilzap.com.br/perolladotapajos/produto/3497520"
"3497520","FZ3497520","Anel","Anel","30,00","Anéis","","1","True","False","/imgs/perolla/3497520-1.webp","nao","nao","nao","https://facilzap.com.br/perolladotapajos/produto/3497520"
"3497520","FZ3497520","Anel","Anel","30,00","Anéis","","1","True","False","/imgs/perolla/3497520-1.webp","nao","nao","nao","https://facilzap.com.br/perolladotapajos/produto/3497520"
"3497520","FZ3497520","Anel","Anel","30,00","Anéis","","1","True","False","/imgs/perolla/3497520-1.webp","nao","nao","nao","https://facilzap.com.br/perolladotapajos/produto/3497520"
"3497519","FZ3497519","Anel","Anel","35,00","Anéis","","1","True","False","/imgs/perolla/3497519-1.webp","nao","nao","nao","https://facilzap.com.br/perolladotapajos/produto/3497519"
"3497519","FZ3497519","Anel","Anel","35,00","Anéis","","1","True","False","/imgs/perolla/3497519-1.webp","nao","nao","nao","https://facilzap.com.br/perolladotapajos/produto/3497519"
"3497519","FZ3497519","Anel","Anel","35,00","Anéis","","1","True","False","/imgs/perolla/3497519-1.webp","nao","nao","nao","https://facilzap.com.br/perolladotapajos/produto/3497519"
"3497519","FZ3497519","Anel","Anel","35,00","Anéis","","1","True","False","/imgs/perolla/3497519-1.webp","nao","nao","nao","https://facilzap.com.br/perolladotapajos/produto/3497519"
"3497519","FZ3497519","Anel","Anel","35,00","Anéis","","1","True","False","/imgs/perolla/3497519-1.webp","nao","nao","nao","https://facilzap.com.br/perolladotapajos/produto/3497519"
"3497518","FZ3497518","Anel","Anel","35,00","Anéis","","1","True","False","/imgs/perolla/3497518-1.webp","nao","nao","nao","https://facilzap.com.br/perolladotapajos/produto/3497518"
"3497518","FZ3497518","Anel","Anel","35,00","Anéis","","1","True","False","/imgs/perolla/3497518-1.webp","nao","nao","nao","https://facilzap.com.br/perolladotapajos/produto/3497518"
"3497518","FZ3497518","Anel","Anel","35,00","Anéis","","1","True","False","/imgs/perolla/3497518-1.webp","nao","nao","nao","https://facilzap.com.br/perolladotapajos/produto/3497518"
"3497518","FZ3497518","Anel","Anel","35,00","Anéis","","1","True","False","/imgs/perolla/3497518-1.webp","nao","nao","nao","https://facilzap.com.br/perolladotapajos/produto/3497518"
"3497518","FZ3497518","Anel","Anel","35,00","Anéis","","1","True","False","/imgs/perolla/3497518-1.webp","nao","nao","nao","https://facilzap.com.br/perolladotapajos/produto/3497518"
"3497517","FZ3497517","Anel","Anel","35,00","Anéis","","1","True","False","/imgs/perolla/3497517-1.webp","nao","nao","nao","https://facilzap.com.br/perolladotapajos/produto/3497517"
"3497517","FZ3497517","Anel","Anel","35,00","Anéis","","1","True","False","/imgs/perolla/3497517-1.webp","nao","nao","nao","https://facilzap.com.br/perolladotapajos/produto/3497517"
"3497517","FZ3497517","Anel","Anel","35,00","Anéis","","1","True","False","/imgs/perolla/3497517-1.webp","nao","nao","nao","https://facilzap.com.br/perolladotapajos/produto/3497517"
"3497517","FZ3497517","Anel","Anel","35,00","Anéis","","1","True","False","/imgs/perolla/3497517-1.webp","nao","nao","nao","https://facilzap.com.br/perolladotapajos/produto/3497517"
"3497517","FZ3497517","Anel","Anel","35,00","Anéis","","1","True","False","/imgs/perolla/3497517-1.webp","nao","nao","nao","https://facilzap.com.br/perolladotapajos/produto/3497517"
"3497516","FZ3497516","Anel Folheado","Anel","35,00","Anéis","Folheado","1","True","False","/imgs/perolla/3497516-1.webp","nao","nao","nao","https://facilzap.com.br/perolladotapajos/produto/3497516"
"3497516","FZ3497516","Anel Folheado","Anel","35,00","Anéis","Folheado","1","True","False","/imgs/perolla/3497516-1.webp","nao","nao","nao","https://facilzap.com.br/perolladotapajos/produto/3497516"
"3497516","FZ3497516","Anel Folheado","Anel","35,00","Anéis","Folheado","1","True","False","/imgs/perolla/3497516-1.webp","nao","nao","nao","https://facilzap.com.br/perolladotapajos/produto/3497516"
"3497516","FZ3497516","Anel Folheado","Anel","35,00","Anéis","Folheado","1","True","False","/imgs/perolla/3497516-1.webp","nao","nao","nao","https://facilzap.com.br/perolladotapajos/produto/3497516"
"3497516","FZ3497516","Anel Folheado","Anel","35,00","Anéis","Folheado","1","True","False","/imgs/perolla/3497516-1.webp","nao","nao","nao","https://facilzap.com.br/perolladotapajos/produto/3497516"
"3497515","FZ3497515","Anel","Anel","45,00","Anéis","","1","True","False","/imgs/perolla/3497515-1.webp","nao","nao","nao","https://facilzap.com.br/perolladotapajos/produto/3497515"
"3497515","FZ3497515","Anel","Anel","45,00","Anéis","","1","True","False","/imgs/perolla/3497515-1.webp","nao","nao","nao","https://facilzap.com.br/perolladotapajos/produto/3497515"
"3497515","FZ3497515","Anel","Anel","45,00","Anéis","","1","True","False","/imgs/perolla/3497515-1.webp","nao","nao","nao","https://facilzap.com.br/perolladotapajos/produto/3497515"
"3497515","FZ3497515","Anel","Anel","45,00","Anéis","","1","True","False","/imgs/perolla/3497515-1.webp","nao","nao","nao","https://facilzap.com.br/perolladotapajos/produto/3497515"
"3497515","FZ3497515","Anel","Anel","45,00","Anéis","","1","True","False","/imgs/perolla/3497515-1.webp","nao","nao","nao","https://facilzap.com.br/perolladotapajos/produto/3497515"
"3497514","FZ3497514","Anel Anel De Aço Com","Anel","45,00","Anéis","Anel de aço com banho de ouro. Formato coração","1","True","False","/imgs/perolla/3497514-1.webp","sim","nao","nao","https://facilzap.com.br/perolladotapajos/produto/3497514"
"3497514","FZ3497514","Anel Anel De Aço Com","Anel","45,00","Anéis","Anel de aço com banho de ouro. Formato coração","1","True","False","/imgs/perolla/3497514-1.webp","sim","nao","nao","https://facilzap.com.br/perolladotapajos/produto/3497514"
"3497514","FZ3497514","Anel Anel De Aço Com","Anel","45,00","Anéis","Anel de aço com banho de ouro. Formato coração","1","True","False","/imgs/perolla/3497514-1.webp","sim","nao","nao","https://facilzap.com.br/perolladotapajos/produto/3497514"
"3497514","FZ3497514","Anel Anel De Aço Com","Anel","45,00","Anéis","Anel de aço com banho de ouro. Formato coração","1","True","False","/imgs/perolla/3497514-1.webp","sim","nao","nao","https://facilzap.com.br/perolladotapajos/produto/3497514"
"3497514","FZ3497514","Anel Anel De Aço Com","Anel","45,00","Anéis","Anel de aço com banho de ouro. Formato coração","1","True","False","/imgs/perolla/3497514-1.webp","sim","nao","nao","https://facilzap.com.br/perolladotapajos/produto/3497514"
"3497513","FZ3497513","Anel Onda","Anel onda","40,00","Anéis","Anel onda semijoia","1","True","False","/imgs/perolla/3497513-1.webp","nao","nao","nao","https://facilzap.com.br/perolladotapajos/produto/3497513"
"3497513","FZ3497513","Anel Onda","Anel onda","40,00","Anéis","Anel onda semijoia","1","True","False","/imgs/perolla/3497513-1.webp","nao","nao","nao","https://facilzap.com.br/perolladotapajos/produto/3497513"
"3497513","FZ3497513","Anel Onda","Anel onda","40,00","Anéis","Anel onda semijoia","1","True","False","/imgs/perolla/3497513-1.webp","nao","nao","nao","https://facilzap.com.br/perolladotapajos/produto/3497513"
"3497513","FZ3497513","Anel Onda","Anel onda","40,00","Anéis","Anel onda semijoia","1","True","False","/imgs/perolla/3497513-1.webp","nao","nao","nao","https://facilzap.com.br/perolladotapajos/produto/3497513"
"3497513","FZ3497513","Anel Onda","Anel onda","40,00","Anéis","Anel onda semijoia","1","True","False","/imgs/perolla/3497513-1.webp","nao","nao","nao","https://facilzap.com.br/perolladotapajos/produto/3497513"
"3497512","FZ3497512","Anel Anel De Aço Banhado","Anel","45,00","Anéis","Anel de aço banhado a ouro. Semijoia","1","True","False","/imgs/perolla/3497512-1.webp","sim","nao","nao","https://facilzap.com.br/perolladotapajos/produto/3497512"
"3497512","FZ3497512","Anel Anel De Aço Banhado","Anel","45,00","Anéis","Anel de aço banhado a ouro. Semijoia","1","True","False","/imgs/perolla/3497512-1.webp","sim","nao","nao","https://facilzap.com.br/perolladotapajos/produto/3497512"
"3497512","FZ3497512","Anel Anel De Aço Banhado","Anel","45,00","Anéis","Anel de aço banhado a ouro. Semijoia","1","True","False","/imgs/perolla/3497512-1.webp","sim","nao","nao","https://facilzap.com.br/perolladotapajos/produto/3497512"
"3497512","FZ3497512","Anel Anel De Aço Banhado","Anel","45,00","Anéis","Anel de aço banhado a ouro. Semijoia","1","True","False","/imgs/perolla/3497512-1.webp","sim","nao","nao","https://facilzap.com.br/perolladotapajos/produto/3497512"
"3497512","FZ3497512","Anel Anel De Aço Banhado","Anel","45,00","Anéis","Anel de aço banhado a ouro. Semijoia","1","True","False","/imgs/perolla/3497512-1.webp","sim","nao","nao","https://facilzap.com.br/perolladotapajos/produto/3497512"
"3497511","FZ3497511","Anel Anel De Aço Banhado","Anel","45,00","Anéis","Anel de aço banhado a ouro. Semijoia","1","True","False","/imgs/perolla/3497511-1.webp","sim","nao","nao","https://facilzap.com.br/perolladotapajos/produto/3497511"
"3497511","FZ3497511","Anel Anel De Aço Banhado","Anel","45,00","Anéis","Anel de aço banhado a ouro. Semijoia","1","True","False","/imgs/perolla/3497511-1.webp","sim","nao","nao","https://facilzap.com.br/perolladotapajos/produto/3497511"
"3497511","FZ3497511","Anel Anel De Aço Banhado","Anel","45,00","Anéis","Anel de aço banhado a ouro. Semijoia","1","True","False","/imgs/perolla/3497511-1.webp","sim","nao","nao","https://facilzap.com.br/perolladotapajos/produto/3497511"
"3497511","FZ3497511","Anel Anel De Aço Banhado","Anel","45,00","Anéis","Anel de aço banhado a ouro. Semijoia","1","True","False","/imgs/perolla/3497511-1.webp","sim","nao","nao","https://facilzap.com.br/perolladotapajos/produto/3497511"
"3497511","FZ3497511","Anel Anel De Aço Banhado","Anel","45,00","Anéis","Anel de aço banhado a ouro. Semijoia","1","True","False","/imgs/perolla/3497511-1.webp","sim","nao","nao","https://facilzap.com.br/perolladotapajos/produto/3497511"
"3497510","FZ3497510","Anel Anel De Aço Banhado","Anel","45,00","Anéis","Anel de aço banhado a ouro,pedra rosa claro. Semijoia","1","True","False","/imgs/perolla/3497510-1.webp","sim","nao","nao","https://facilzap.com.br/perolladotapajos/produto/3497510"
"3497510","FZ3497510","Anel Anel De Aço Banhado","Anel","45,00","Anéis","Anel de aço banhado a ouro,pedra rosa claro. Semijoia","1","True","False","/imgs/perolla/3497510-1.webp","sim","nao","nao","https://facilzap.com.br/perolladotapajos/produto/3497510"
"3497510","FZ3497510","Anel Anel De Aço Banhado","Anel","45,00","Anéis","Anel de aço banhado a ouro,pedra rosa claro. Semijoia","1","True","False","/imgs/perolla/3497510-1.webp","sim","nao","nao","https://facilzap.com.br/perolladotapajos/produto/3497510"
"3497510","FZ3497510","Anel Anel De Aço Banhado","Anel","45,00","Anéis","Anel de aço banhado a ouro,pedra rosa claro. Semijoia","1","True","False","/imgs/perolla/3497510-1.webp","sim","nao","nao","https://facilzap.com.br/perolladotapajos/produto/3497510"
"3497510","FZ3497510","Anel Anel De Aço Banhado","Anel","45,00","Anéis","Anel de aço banhado a ouro,pedra rosa claro. Semijoia","1","True","False","/imgs/perolla/3497510-1.webp","sim","nao","nao","https://facilzap.com.br/perolladotapajos/produto/3497510"
"3497509","FZ3497509","Anel Anel De Aço Banhado","Anel","45,00","Anéis","Anel de aço banhado a ouro, pedra azul. Semijoia","1","True","False","/imgs/perolla/3497509-1.webp","sim","nao","nao","https://facilzap.com.br/perolladotapajos/produto/3497509"
"3497509","FZ3497509","Anel Anel De Aço Banhado","Anel","45,00","Anéis","Anel de aço banhado a ouro, pedra azul. Semijoia","1","True","False","/imgs/perolla/3497509-1.webp","sim","nao","nao","https://facilzap.com.br/perolladotapajos/produto/3497509"
"3497509","FZ3497509","Anel Anel De Aço Banhado","Anel","45,00","Anéis","Anel de aço banhado a ouro, pedra azul. Semijoia","1","True","False","/imgs/perolla/3497509-1.webp","sim","nao","nao","https://facilzap.com.br/perolladotapajos/produto/3497509"
"3497509","FZ3497509","Anel Anel De Aço Banhado","Anel","45,00","Anéis","Anel de aço banhado a ouro, pedra azul. Semijoia","1","True","False","/imgs/perolla/3497509-1.webp","sim","nao","nao","https://facilzap.com.br/perolladotapajos/produto/3497509"
"3497509","FZ3497509","Anel Anel De Aço Banhado","Anel","45,00","Anéis","Anel de aço banhado a ouro, pedra azul. Semijoia","1","True","False","/imgs/perolla/3497509-1.webp","sim","nao","nao","https://facilzap.com.br/perolladotapajos/produto/3497509"
"3490628","FZ3490628","Brinco Trio Cravejado","Brinco","65,00","Brincos","Trio cravejado","0","False","False","/imgs/perolla/3490628-1.webp","nao","nao","nao","https://facilzap.com.br/perolladotapajos/produto/3490628"
"3490628","FZ3490628","Brinco Trio Cravejado","Brinco","65,00","Brincos","Trio cravejado","0","False","False","/imgs/perolla/3490628-1.webp","nao","nao","nao","https://facilzap.com.br/perolladotapajos/produto/3490628"
"3490628","FZ3490628","Brinco Trio Cravejado","Brinco","65,00","Brincos","Trio cravejado","0","False","False","/imgs/perolla/3490628-1.webp","nao","nao","nao","https://facilzap.com.br/perolladotapajos/produto/3490628"
"3490628","FZ3490628","Brinco Trio Cravejado","Brinco","65,00","Brincos","Trio cravejado","0","False","False","/imgs/perolla/3490628-1.webp","nao","nao","nao","https://facilzap.com.br/perolladotapajos/produto/3490628"
"3490628","FZ3490628","Brinco Trio Cravejado","Brinco","65,00","Brincos","Trio cravejado","0","False","False","/imgs/perolla/3490628-1.webp","nao","nao","nao","https://facilzap.com.br/perolladotapajos/produto/3490628"
"3490627","FZ3490627","Brinco","Brinco","30,00","Brincos","","0","False","False","/imgs/perolla/3490627-1.webp","nao","nao","nao","https://facilzap.com.br/perolladotapajos/produto/3490627"
"3490627","FZ3490627","Brinco","Brinco","30,00","Brincos","","0","False","False","/imgs/perolla/3490627-1.webp","nao","nao","nao","https://facilzap.com.br/perolladotapajos/produto/3490627"
"3490627","FZ3490627","Brinco","Brinco","30,00","Brincos","","0","False","False","/imgs/perolla/3490627-1.webp","nao","nao","nao","https://facilzap.com.br/perolladotapajos/produto/3490627"
"3490627","FZ3490627","Brinco","Brinco","30,00","Brincos","","0","False","False","/imgs/perolla/3490627-1.webp","nao","nao","nao","https://facilzap.com.br/perolladotapajos/produto/3490627"
"3490627","FZ3490627","Brinco","Brinco","30,00","Brincos","","0","False","False","/imgs/perolla/3490627-1.webp","nao","nao","nao","https://facilzap.com.br/perolladotapajos/produto/3490627"
"3490626","FZ3490626","Brinco","Brinco","20,00","Brincos","","0","False","False","/imgs/perolla/3490626-1.webp","nao","nao","nao","https://facilzap.com.br/perolladotapajos/produto/3490626"
"3490626","FZ3490626","Brinco","Brinco","20,00","Brincos","","0","False","False","/imgs/perolla/3490626-1.webp","nao","nao","nao","https://facilzap.com.br/perolladotapajos/produto/3490626"
"3490626","FZ3490626","Brinco","Brinco","20,00","Brincos","","0","False","False","/imgs/perolla/3490626-1.webp","nao","nao","nao","https://facilzap.com.br/perolladotapajos/produto/3490626"
"3490626","FZ3490626","Brinco","Brinco","20,00","Brincos","","0","False","False","/imgs/perolla/3490626-1.webp","nao","nao","nao","https://facilzap.com.br/perolladotapajos/produto/3490626"
"3490626","FZ3490626","Brinco","Brinco","20,00","Brincos","","0","False","False","/imgs/perolla/3490626-1.webp","nao","nao","nao","https://facilzap.com.br/perolladotapajos/produto/3490626"
"3490625","FZ3490625","Brinco","Brinco","30,00","Brincos","","0","False","False","/imgs/perolla/3490625-1.webp","nao","nao","nao","https://facilzap.com.br/perolladotapajos/produto/3490625"
"3490625","FZ3490625","Brinco","Brinco","30,00","Brincos","","0","False","False","/imgs/perolla/3490625-1.webp","nao","nao","nao","https://facilzap.com.br/perolladotapajos/produto/3490625"
"3490625","FZ3490625","Brinco","Brinco","30,00","Brincos","","0","False","False","/imgs/perolla/3490625-1.webp","nao","nao","nao","https://facilzap.com.br/perolladotapajos/produto/3490625"
"3490625","FZ3490625","Brinco","Brinco","30,00","Brincos","","0","False","False","/imgs/perolla/3490625-1.webp","nao","nao","nao","https://facilzap.com.br/perolladotapajos/produto/3490625"
"3490625","FZ3490625","Brinco","Brinco","30,00","Brincos","","0","False","False","/imgs/perolla/3490625-1.webp","nao","nao","nao","https://facilzap.com.br/perolladotapajos/produto/3490625"
"3490624","FZ3490624","Brinco","Brinco","24,00","Brincos","","0","False","False","/imgs/perolla/3490624-1.webp","nao","nao","nao","https://facilzap.com.br/perolladotapajos/produto/3490624"
"3490624","FZ3490624","Brinco","Brinco","24,00","Brincos","","0","False","False","/imgs/perolla/3490624-1.webp","nao","nao","nao","https://facilzap.com.br/perolladotapajos/produto/3490624"
"3490624","FZ3490624","Brinco","Brinco","24,00","Brincos","","0","False","False","/imgs/perolla/3490624-1.webp","nao","nao","nao","https://facilzap.com.br/perolladotapajos/produto/3490624"
"3490624","FZ3490624","Brinco","Brinco","24,00","Brincos","","0","False","False","/imgs/perolla/3490624-1.webp","nao","nao","nao","https://facilzap.com.br/perolladotapajos/produto/3490624"
"3490624","FZ3490624","Brinco","Brinco","24,00","Brincos","","0","False","False","/imgs/perolla/3490624-1.webp","nao","nao","nao","https://facilzap.com.br/perolladotapajos/produto/3490624"
"3490623","FZ3490623","Brinco","Brinco","20,00","Brincos","","0","False","False","/imgs/perolla/3490623-1.webp","nao","nao","nao","https://facilzap.com.br/perolladotapajos/produto/3490623"
"3490623","FZ3490623","Brinco","Brinco","20,00","Brincos","","0","False","False","/imgs/perolla/3490623-1.webp","nao","nao","nao","https://facilzap.com.br/perolladotapajos/produto/3490623"
"3490623","FZ3490623","Brinco","Brinco","20,00","Brincos","","0","False","False","/imgs/perolla/3490623-1.webp","nao","nao","nao","https://facilzap.com.br/perolladotapajos/produto/3490623"
"3490623","FZ3490623","Brinco","Brinco","20,00","Brincos","","0","False","False","/imgs/perolla/3490623-1.webp","nao","nao","nao","https://facilzap.com.br/perolladotapajos/produto/3490623"
"3490623","FZ3490623","Brinco","Brinco","20,00","Brincos","","0","False","False","/imgs/perolla/3490623-1.webp","nao","nao","nao","https://facilzap.com.br/perolladotapajos/produto/3490623"
"3490622","FZ3490622","Brinco","Brinco","25,00","Brincos","","0","False","False","/imgs/perolla/3490622-1.webp","nao","nao","nao","https://facilzap.com.br/perolladotapajos/produto/3490622"
"3490622","FZ3490622","Brinco","Brinco","25,00","Brincos","","0","False","False","/imgs/perolla/3490622-1.webp","nao","nao","nao","https://facilzap.com.br/perolladotapajos/produto/3490622"
"3490622","FZ3490622","Brinco","Brinco","25,00","Brincos","","0","False","False","/imgs/perolla/3490622-1.webp","nao","nao","nao","https://facilzap.com.br/perolladotapajos/produto/3490622"
"3490622","FZ3490622","Brinco","Brinco","25,00","Brincos","","0","False","False","/imgs/perolla/3490622-1.webp","nao","nao","nao","https://facilzap.com.br/perolladotapajos/produto/3490622"
"3490622","FZ3490622","Brinco","Brinco","25,00","Brincos","","0","False","False","/imgs/perolla/3490622-1.webp","nao","nao","nao","https://facilzap.com.br/perolladotapajos/produto/3490622"
"3490621","FZ3490621","Brinco","Brinco","25,00","Brincos","","0","False","False","/imgs/perolla/3490621-1.webp","nao","nao","nao","https://facilzap.com.br/perolladotapajos/produto/3490621"
"3490621","FZ3490621","Brinco","Brinco","25,00","Brincos","","0","False","False","/imgs/perolla/3490621-1.webp","nao","nao","nao","https://facilzap.com.br/perolladotapajos/produto/3490621"
"3490621","FZ3490621","Brinco","Brinco","25,00","Brincos","","0","False","False","/imgs/perolla/3490621-1.webp","nao","nao","nao","https://facilzap.com.br/perolladotapajos/produto/3490621"
"3490621","FZ3490621","Brinco","Brinco","25,00","Brincos","","0","False","False","/imgs/perolla/3490621-1.webp","nao","nao","nao","https://facilzap.com.br/perolladotapajos/produto/3490621"
"3490621","FZ3490621","Brinco","Brinco","25,00","Brincos","","0","False","False","/imgs/perolla/3490621-1.webp","nao","nao","nao","https://facilzap.com.br/perolladotapajos/produto/3490621"
"3490620","FZ3490620","Brinco","Brinco","30,00","Brincos","","0","False","False","/imgs/perolla/3490620-1.webp","nao","nao","nao","https://facilzap.com.br/perolladotapajos/produto/3490620"
"3490620","FZ3490620","Brinco","Brinco","30,00","Brincos","","0","False","False","/imgs/perolla/3490620-1.webp","nao","nao","nao","https://facilzap.com.br/perolladotapajos/produto/3490620"
"3490620","FZ3490620","Brinco","Brinco","30,00","Brincos","","0","False","False","/imgs/perolla/3490620-1.webp","nao","nao","nao","https://facilzap.com.br/perolladotapajos/produto/3490620"
"3490620","FZ3490620","Brinco","Brinco","30,00","Brincos","","0","False","False","/imgs/perolla/3490620-1.webp","nao","nao","nao","https://facilzap.com.br/perolladotapajos/produto/3490620"
"3490620","FZ3490620","Brinco","Brinco","30,00","Brincos","","0","False","False","/imgs/perolla/3490620-1.webp","nao","nao","nao","https://facilzap.com.br/perolladotapajos/produto/3490620"
"3490619","FZ3490619","Brinco","Brinco","30,00","Brincos","","0","False","False","/imgs/perolla/3490619-1.webp","nao","nao","nao","https://facilzap.com.br/perolladotapajos/produto/3490619"
"3490619","FZ3490619","Brinco","Brinco","30,00","Brincos","","0","False","False","/imgs/perolla/3490619-1.webp","nao","nao","nao","https://facilzap.com.br/perolladotapajos/produto/3490619"
"3490619","FZ3490619","Brinco","Brinco","30,00","Brincos","","0","False","False","/imgs/perolla/3490619-1.webp","nao","nao","nao","https://facilzap.com.br/perolladotapajos/produto/3490619"
"3490619","FZ3490619","Brinco","Brinco","30,00","Brincos","","0","False","False","/imgs/perolla/3490619-1.webp","nao","nao","nao","https://facilzap.com.br/perolladotapajos/produto/3490619"
"3490619","FZ3490619","Brinco","Brinco","30,00","Brincos","","0","False","False","/imgs/perolla/3490619-1.webp","nao","nao","nao","https://facilzap.com.br/perolladotapajos/produto/3490619"
"3490618","FZ3490618","Brinco","Brinco","30,00","Brincos","","0","False","False","/imgs/perolla/3490618-1.webp","nao","nao","nao","https://facilzap.com.br/perolladotapajos/produto/3490618"
"3490618","FZ3490618","Brinco","Brinco","30,00","Brincos","","0","False","False","/imgs/perolla/3490618-1.webp","nao","nao","nao","https://facilzap.com.br/perolladotapajos/produto/3490618"
"3490618","FZ3490618","Brinco","Brinco","30,00","Brincos","","0","False","False","/imgs/perolla/3490618-1.webp","nao","nao","nao","https://facilzap.com.br/perolladotapajos/produto/3490618"
"3490618","FZ3490618","Brinco","Brinco","30,00","Brincos","","0","False","False","/imgs/perolla/3490618-1.webp","nao","nao","nao","https://facilzap.com.br/perolladotapajos/produto/3490618"
"3490618","FZ3490618","Brinco","Brinco","30,00","Brincos","","0","False","False","/imgs/perolla/3490618-1.webp","nao","nao","nao","https://facilzap.com.br/perolladotapajos/produto/3490618"
"3490617","FZ3490617","Brinco","Brinco","30,00","Brincos","","0","False","False","/imgs/perolla/3490617-1.webp","nao","nao","nao","https://facilzap.com.br/perolladotapajos/produto/3490617"
"3490617","FZ3490617","Brinco","Brinco","30,00","Brincos","","0","False","False","/imgs/perolla/3490617-1.webp","nao","nao","nao","https://facilzap.com.br/perolladotapajos/produto/3490617"
"3490617","FZ3490617","Brinco","Brinco","30,00","Brincos","","0","False","False","/imgs/perolla/3490617-1.webp","nao","nao","nao","https://facilzap.com.br/perolladotapajos/produto/3490617"
"3490617","FZ3490617","Brinco","Brinco","30,00","Brincos","","0","False","False","/imgs/perolla/3490617-1.webp","nao","nao","nao","https://facilzap.com.br/perolladotapajos/produto/3490617"
"3490617","FZ3490617","Brinco","Brinco","30,00","Brincos","","0","False","False","/imgs/perolla/3490617-1.webp","nao","nao","nao","https://facilzap.com.br/perolladotapajos/produto/3490617"
"3490616","FZ3490616","Brinco","Brinco","30,00","Brincos","","0","False","False","/imgs/perolla/3490616-1.webp","nao","nao","nao","https://facilzap.com.br/perolladotapajos/produto/3490616"
"3490616","FZ3490616","Brinco","Brinco","30,00","Brincos","","0","False","False","/imgs/perolla/3490616-1.webp","nao","nao","nao","https://facilzap.com.br/perolladotapajos/produto/3490616"
"3490616","FZ3490616","Brinco","Brinco","30,00","Brincos","","0","False","False","/imgs/perolla/3490616-1.webp","nao","nao","nao","https://facilzap.com.br/perolladotapajos/produto/3490616"
"3490616","FZ3490616","Brinco","Brinco","30,00","Brincos","","0","False","False","/imgs/perolla/3490616-1.webp","nao","nao","nao","https://facilzap.com.br/perolladotapajos/produto/3490616"
"3490616","FZ3490616","Brinco","Brinco","30,00","Brincos","","0","False","False","/imgs/perolla/3490616-1.webp","nao","nao","nao","https://facilzap.com.br/perolladotapajos/produto/3490616"
"3490615","FZ3490615","Brinco","Brinco","35,00","Brincos","","0","False","False","/imgs/perolla/3490615-1.webp","nao","nao","nao","https://facilzap.com.br/perolladotapajos/produto/3490615"
"3490615","FZ3490615","Brinco","Brinco","35,00","Brincos","","0","False","False","/imgs/perolla/3490615-1.webp","nao","nao","nao","https://facilzap.com.br/perolladotapajos/produto/3490615"
"3490615","FZ3490615","Brinco","Brinco","35,00","Brincos","","0","False","False","/imgs/perolla/3490615-1.webp","nao","nao","nao","https://facilzap.com.br/perolladotapajos/produto/3490615"
"3490615","FZ3490615","Brinco","Brinco","35,00","Brincos","","0","False","False","/imgs/perolla/3490615-1.webp","nao","nao","nao","https://facilzap.com.br/perolladotapajos/produto/3490615"
"3490615","FZ3490615","Brinco","Brinco","35,00","Brincos","","0","False","False","/imgs/perolla/3490615-1.webp","nao","nao","nao","https://facilzap.com.br/perolladotapajos/produto/3490615"
"3490614","FZ3490614","Brinco","Brinco","35,00","Brincos","","0","False","False","/imgs/perolla/3490614-1.webp","nao","nao","nao","https://facilzap.com.br/perolladotapajos/produto/3490614"
"3490614","FZ3490614","Brinco","Brinco","35,00","Brincos","","0","False","False","/imgs/perolla/3490614-1.webp","nao","nao","nao","https://facilzap.com.br/perolladotapajos/produto/3490614"
"3490614","FZ3490614","Brinco","Brinco","35,00","Brincos","","0","False","False","/imgs/perolla/3490614-1.webp","nao","nao","nao","https://facilzap.com.br/perolladotapajos/produto/3490614"
"3490614","FZ3490614","Brinco","Brinco","35,00","Brincos","","0","False","False","/imgs/perolla/3490614-1.webp","nao","nao","nao","https://facilzap.com.br/perolladotapajos/produto/3490614"
"3490614","FZ3490614","Brinco","Brinco","35,00","Brincos","","0","False","False","/imgs/perolla/3490614-1.webp","nao","nao","nao","https://facilzap.com.br/perolladotapajos/produto/3490614"
"3490613","FZ3490613","Brinco","Brinco","20,00","Brincos","","0","False","False","/imgs/perolla/3490613-1.webp","nao","nao","nao","https://facilzap.com.br/perolladotapajos/produto/3490613"
"3490613","FZ3490613","Brinco","Brinco","20,00","Brincos","","0","False","False","/imgs/perolla/3490613-1.webp","nao","nao","nao","https://facilzap.com.br/perolladotapajos/produto/3490613"
"3490613","FZ3490613","Brinco","Brinco","20,00","Brincos","","0","False","False","/imgs/perolla/3490613-1.webp","nao","nao","nao","https://facilzap.com.br/perolladotapajos/produto/3490613"
"3490613","FZ3490613","Brinco","Brinco","20,00","Brincos","","0","False","False","/imgs/perolla/3490613-1.webp","nao","nao","nao","https://facilzap.com.br/perolladotapajos/produto/3490613"
"3490613","FZ3490613","Brinco","Brinco","20,00","Brincos","","0","False","False","/imgs/perolla/3490613-1.webp","nao","nao","nao","https://facilzap.com.br/perolladotapajos/produto/3490613"
"3490612","FZ3490612","Brinco","Brinco","20,00","Brincos","","0","False","False","/imgs/perolla/3490612-1.webp","nao","nao","nao","https://facilzap.com.br/perolladotapajos/produto/3490612"
"3490612","FZ3490612","Brinco","Brinco","20,00","Brincos","","0","False","False","/imgs/perolla/3490612-1.webp","nao","nao","nao","https://facilzap.com.br/perolladotapajos/produto/3490612"
"3490612","FZ3490612","Brinco","Brinco","20,00","Brincos","","0","False","False","/imgs/perolla/3490612-1.webp","nao","nao","nao","https://facilzap.com.br/perolladotapajos/produto/3490612"
"3490612","FZ3490612","Brinco","Brinco","20,00","Brincos","","0","False","False","/imgs/perolla/3490612-1.webp","nao","nao","nao","https://facilzap.com.br/perolladotapajos/produto/3490612"
"3490612","FZ3490612","Brinco","Brinco","20,00","Brincos","","0","False","False","/imgs/perolla/3490612-1.webp","nao","nao","nao","https://facilzap.com.br/perolladotapajos/produto/3490612"
"3490611","FZ3490611","Brinco","Brinco","18,00","Brincos","","0","False","False","/imgs/perolla/3490611-1.webp","nao","nao","nao","https://facilzap.com.br/perolladotapajos/produto/3490611"
"3490611","FZ3490611","Brinco","Brinco","18,00","Brincos","","0","False","False","/imgs/perolla/3490611-1.webp","nao","nao","nao","https://facilzap.com.br/perolladotapajos/produto/3490611"
"3490611","FZ3490611","Brinco","Brinco","18,00","Brincos","","0","False","False","/imgs/perolla/3490611-1.webp","nao","nao","nao","https://facilzap.com.br/perolladotapajos/produto/3490611"
"3490611","FZ3490611","Brinco","Brinco","18,00","Brincos","","0","False","False","/imgs/perolla/3490611-1.webp","nao","nao","nao","https://facilzap.com.br/perolladotapajos/produto/3490611"
"3490611","FZ3490611","Brinco","Brinco","18,00","Brincos","","0","False","False","/imgs/perolla/3490611-1.webp","nao","nao","nao","https://facilzap.com.br/perolladotapajos/produto/3490611"
"3490610","FZ3490610","Brinco","Brinco","18,00","Brincos","","0","False","False","/imgs/perolla/3490610-1.webp","nao","nao","nao","https://facilzap.com.br/perolladotapajos/produto/3490610"
"3490610","FZ3490610","Brinco","Brinco","18,00","Brincos","","0","False","False","/imgs/perolla/3490610-1.webp","nao","nao","nao","https://facilzap.com.br/perolladotapajos/produto/3490610"
"3490610","FZ3490610","Brinco","Brinco","18,00","Brincos","","0","False","False","/imgs/perolla/3490610-1.webp","nao","nao","nao","https://facilzap.com.br/perolladotapajos/produto/3490610"
"3490610","FZ3490610","Brinco","Brinco","18,00","Brincos","","0","False","False","/imgs/perolla/3490610-1.webp","nao","nao","nao","https://facilzap.com.br/perolladotapajos/produto/3490610"
"3490610","FZ3490610","Brinco","Brinco","18,00","Brincos","","0","False","False","/imgs/perolla/3490610-1.webp","nao","nao","nao","https://facilzap.com.br/perolladotapajos/produto/3490610"
"3490608","FZ3490608","Brinco","Brinco","22,00","Brincos","","0","False","False","/imgs/perolla/3490608-1.webp","nao","nao","nao","https://facilzap.com.br/perolladotapajos/produto/3490608"
"3490608","FZ3490608","Brinco","Brinco","22,00","Brincos","","0","False","False","/imgs/perolla/3490608-1.webp","nao","nao","nao","https://facilzap.com.br/perolladotapajos/produto/3490608"
"3490608","FZ3490608","Brinco","Brinco","22,00","Brincos","","0","False","False","/imgs/perolla/3490608-1.webp","nao","nao","nao","https://facilzap.com.br/perolladotapajos/produto/3490608"
"3490608","FZ3490608","Brinco","Brinco","22,00","Brincos","","0","False","False","/imgs/perolla/3490608-1.webp","nao","nao","nao","https://facilzap.com.br/perolladotapajos/produto/3490608"
"3490608","FZ3490608","Brinco","Brinco","22,00","Brincos","","0","False","False","/imgs/perolla/3490608-1.webp","nao","nao","nao","https://facilzap.com.br/perolladotapajos/produto/3490608"
"3490606","FZ3490606","Brinco","Brinco","22,00","Brincos","","0","False","False","/imgs/perolla/3490606-1.webp","nao","nao","nao","https://facilzap.com.br/perolladotapajos/produto/3490606"
"3490606","FZ3490606","Brinco","Brinco","22,00","Brincos","","0","False","False","/imgs/perolla/3490606-1.webp","nao","nao","nao","https://facilzap.com.br/perolladotapajos/produto/3490606"
"3490606","FZ3490606","Brinco","Brinco","22,00","Brincos","","0","False","False","/imgs/perolla/3490606-1.webp","nao","nao","nao","https://facilzap.com.br/perolladotapajos/produto/3490606"
"3490606","FZ3490606","Brinco","Brinco","22,00","Brincos","","0","False","False","/imgs/perolla/3490606-1.webp","nao","nao","nao","https://facilzap.com.br/perolladotapajos/produto/3490606"
"3490606","FZ3490606","Brinco","Brinco","22,00","Brincos","","0","False","False","/imgs/perolla/3490606-1.webp","nao","nao","nao","https://facilzap.com.br/perolladotapajos/produto/3490606"
"3490605","FZ3490605","Brinco","Brinco","22,00","Brincos","","0","False","False","/imgs/perolla/3490605-1.webp","nao","nao","nao","https://facilzap.com.br/perolladotapajos/produto/3490605"
"3490605","FZ3490605","Brinco","Brinco","22,00","Brincos","","0","False","False","/imgs/perolla/3490605-1.webp","nao","nao","nao","https://facilzap.com.br/perolladotapajos/produto/3490605"
"3490605","FZ3490605","Brinco","Brinco","22,00","Brincos","","0","False","False","/imgs/perolla/3490605-1.webp","nao","nao","nao","https://facilzap.com.br/perolladotapajos/produto/3490605"
"3490605","FZ3490605","Brinco","Brinco","22,00","Brincos","","0","False","False","/imgs/perolla/3490605-1.webp","nao","nao","nao","https://facilzap.com.br/perolladotapajos/produto/3490605"
"3490605","FZ3490605","Brinco","Brinco","22,00","Brincos","","0","False","False","/imgs/perolla/3490605-1.webp","nao","nao","nao","https://facilzap.com.br/perolladotapajos/produto/3490605"
"3490604","FZ3490604","Brinco","Brinco","22,00","Brincos","","0","False","False","/imgs/perolla/3490604-1.webp","nao","nao","nao","https://facilzap.com.br/perolladotapajos/produto/3490604"
"3490604","FZ3490604","Brinco","Brinco","22,00","Brincos","","0","False","False","/imgs/perolla/3490604-1.webp","nao","nao","nao","https://facilzap.com.br/perolladotapajos/produto/3490604"
"3490604","FZ3490604","Brinco","Brinco","22,00","Brincos","","0","False","False","/imgs/perolla/3490604-1.webp","nao","nao","nao","https://facilzap.com.br/perolladotapajos/produto/3490604"
"3490604","FZ3490604","Brinco","Brinco","22,00","Brincos","","0","False","False","/imgs/perolla/3490604-1.webp","nao","nao","nao","https://facilzap.com.br/perolladotapajos/produto/3490604"
"3490604","FZ3490604","Brinco","Brinco","22,00","Brincos","","0","False","False","/imgs/perolla/3490604-1.webp","nao","nao","nao","https://facilzap.com.br/perolladotapajos/produto/3490604"
"3490603","FZ3490603","Brinco","Brinco","22,00","Brincos","","0","False","False","/imgs/perolla/3490603-1.webp","nao","nao","nao","https://facilzap.com.br/perolladotapajos/produto/3490603"
"3490603","FZ3490603","Brinco","Brinco","22,00","Brincos","","0","False","False","/imgs/perolla/3490603-1.webp","nao","nao","nao","https://facilzap.com.br/perolladotapajos/produto/3490603"
"3490603","FZ3490603","Brinco","Brinco","22,00","Brincos","","0","False","False","/imgs/perolla/3490603-1.webp","nao","nao","nao","https://facilzap.com.br/perolladotapajos/produto/3490603"
"3490603","FZ3490603","Brinco","Brinco","22,00","Brincos","","0","False","False","/imgs/perolla/3490603-1.webp","nao","nao","nao","https://facilzap.com.br/perolladotapajos/produto/3490603"
"3490603","FZ3490603","Brinco","Brinco","22,00","Brincos","","0","False","False","/imgs/perolla/3490603-1.webp","nao","nao","nao","https://facilzap.com.br/perolladotapajos/produto/3490603"
"3490367","FZ3490367","Brinco Semijoia","Brinco","25,00","Brincos","Semijoia","1","True","False","/imgs/perolla/3490367-1.webp","nao","nao","nao","https://facilzap.com.br/perolladotapajos/produto/3490367"
"3490367","FZ3490367","Brinco Semijoia","Brinco","25,00","Brincos","Semijoia","1","True","False","/imgs/perolla/3490367-1.webp","nao","nao","nao","https://facilzap.com.br/perolladotapajos/produto/3490367"
"3490367","FZ3490367","Brinco Semijoia","Brinco","25,00","Brincos","Semijoia","1","True","False","/imgs/perolla/3490367-1.webp","nao","nao","nao","https://facilzap.com.br/perolladotapajos/produto/3490367"
"3490367","FZ3490367","Brinco Semijoia","Brinco","25,00","Brincos","Semijoia","1","True","False","/imgs/perolla/3490367-1.webp","nao","nao","nao","https://facilzap.com.br/perolladotapajos/produto/3490367"
"3490367","FZ3490367","Brinco Semijoia","Brinco","25,00","Brincos","Semijoia","1","True","False","/imgs/perolla/3490367-1.webp","nao","nao","nao","https://facilzap.com.br/perolladotapajos/produto/3490367"
"3490366","FZ3490366","Brinco Ponteira Colorida","Brinco","25,00","Brincos","Ponteira colorida","1","True","False","/imgs/perolla/3490366-1.webp","nao","nao","nao","https://facilzap.com.br/perolladotapajos/produto/3490366"
"3490366","FZ3490366","Brinco Ponteira Colorida","Brinco","25,00","Brincos","Ponteira colorida","1","True","False","/imgs/perolla/3490366-1.webp","nao","nao","nao","https://facilzap.com.br/perolladotapajos/produto/3490366"
"3490366","FZ3490366","Brinco Ponteira Colorida","Brinco","25,00","Brincos","Ponteira colorida","1","True","False","/imgs/perolla/3490366-1.webp","nao","nao","nao","https://facilzap.com.br/perolladotapajos/produto/3490366"
"3490366","FZ3490366","Brinco Ponteira Colorida","Brinco","25,00","Brincos","Ponteira colorida","1","True","False","/imgs/perolla/3490366-1.webp","nao","nao","nao","https://facilzap.com.br/perolladotapajos/produto/3490366"
"3490366","FZ3490366","Brinco Ponteira Colorida","Brinco","25,00","Brincos","Ponteira colorida","1","True","False","/imgs/perolla/3490366-1.webp","nao","nao","nao","https://facilzap.com.br/perolladotapajos/produto/3490366"
"3490365","FZ3490365","Brinco Cravejado Flor Dourado","Brinco","25,00","Brincos","Cravejado flor dourado","1","True","False","/imgs/perolla/3490365-1.webp","nao","nao","nao","https://facilzap.com.br/perolladotapajos/produto/3490365"
"3490365","FZ3490365","Brinco Cravejado Flor Dourado","Brinco","25,00","Brincos","Cravejado flor dourado","1","True","False","/imgs/perolla/3490365-1.webp","nao","nao","nao","https://facilzap.com.br/perolladotapajos/produto/3490365"
"3490365","FZ3490365","Brinco Cravejado Flor Dourado","Brinco","25,00","Brincos","Cravejado flor dourado","1","True","False","/imgs/perolla/3490365-1.webp","nao","nao","nao","https://facilzap.com.br/perolladotapajos/produto/3490365"
"3490365","FZ3490365","Brinco Cravejado Flor Dourado","Brinco","25,00","Brincos","Cravejado flor dourado","1","True","False","/imgs/perolla/3490365-1.webp","nao","nao","nao","https://facilzap.com.br/perolladotapajos/produto/3490365"
"3490365","FZ3490365","Brinco Cravejado Flor Dourado","Brinco","25,00","Brincos","Cravejado flor dourado","1","True","False","/imgs/perolla/3490365-1.webp","nao","nao","nao","https://facilzap.com.br/perolladotapajos/produto/3490365"
"3490359","FZ3490359","Brinco Cravejado Furta Cor","Brinco","22,00","Brincos","Cravejado furta cor","1","True","False","/imgs/perolla/3490359-1.webp","nao","nao","nao","https://facilzap.com.br/perolladotapajos/produto/3490359"
"3490359","FZ3490359","Brinco Cravejado Furta Cor","Brinco","22,00","Brincos","Cravejado furta cor","1","True","False","/imgs/perolla/3490359-1.webp","nao","nao","nao","https://facilzap.com.br/perolladotapajos/produto/3490359"
"3490359","FZ3490359","Brinco Cravejado Furta Cor","Brinco","22,00","Brincos","Cravejado furta cor","1","True","False","/imgs/perolla/3490359-1.webp","nao","nao","nao","https://facilzap.com.br/perolladotapajos/produto/3490359"
"3490359","FZ3490359","Brinco Cravejado Furta Cor","Brinco","22,00","Brincos","Cravejado furta cor","1","True","False","/imgs/perolla/3490359-1.webp","nao","nao","nao","https://facilzap.com.br/perolladotapajos/produto/3490359"
"3490359","FZ3490359","Brinco Cravejado Furta Cor","Brinco","22,00","Brincos","Cravejado furta cor","1","True","False","/imgs/perolla/3490359-1.webp","nao","nao","nao","https://facilzap.com.br/perolladotapajos/produto/3490359"
"3490358","FZ3490358","Brinco Cravejado Cristal","Brinco","22,00","Brincos","Cravejado cristal","1","True","False","/imgs/perolla/3490358-1.webp","nao","nao","nao","https://facilzap.com.br/perolladotapajos/produto/3490358"
"3490358","FZ3490358","Brinco Cravejado Cristal","Brinco","22,00","Brincos","Cravejado cristal","1","True","False","/imgs/perolla/3490358-1.webp","nao","nao","nao","https://facilzap.com.br/perolladotapajos/produto/3490358"
"3490358","FZ3490358","Brinco Cravejado Cristal","Brinco","22,00","Brincos","Cravejado cristal","1","True","False","/imgs/perolla/3490358-1.webp","nao","nao","nao","https://facilzap.com.br/perolladotapajos/produto/3490358"
"3490358","FZ3490358","Brinco Cravejado Cristal","Brinco","22,00","Brincos","Cravejado cristal","1","True","False","/imgs/perolla/3490358-1.webp","nao","nao","nao","https://facilzap.com.br/perolladotapajos/produto/3490358"
"3490358","FZ3490358","Brinco Cravejado Cristal","Brinco","22,00","Brincos","Cravejado cristal","1","True","False","/imgs/perolla/3490358-1.webp","nao","nao","nao","https://facilzap.com.br/perolladotapajos/produto/3490358"
"3490356","FZ3490356","Brinco","Brinco","38,00","Brincos","","1","True","True","","nao","nao","nao","https://facilzap.com.br/perolladotapajos/produto/3490356"
"3490356","FZ3490356","Brinco","Brinco","38,00","Brincos","","1","True","True","","nao","nao","nao","https://facilzap.com.br/perolladotapajos/produto/3490356"
"3490356","FZ3490356","Brinco","Brinco","38,00","Brincos","","1","True","True","","nao","nao","nao","https://facilzap.com.br/perolladotapajos/produto/3490356"
"3490356","FZ3490356","Brinco","Brinco","38,00","Brincos","","1","True","True","","nao","nao","nao","https://facilzap.com.br/perolladotapajos/produto/3490356"
"3490356","FZ3490356","Brinco","Brinco","38,00","Brincos","","1","True","True","","nao","nao","nao","https://facilzap.com.br/perolladotapajos/produto/3490356"
"3490355","FZ3490355","Brinco","Brinco","33,00","Brincos","","1","True","False","/imgs/perolla/3490355-1.webp","nao","nao","nao","https://facilzap.com.br/perolladotapajos/produto/3490355"
"3490355","FZ3490355","Brinco","Brinco","33,00","Brincos","","1","True","False","/imgs/perolla/3490355-1.webp","nao","nao","nao","https://facilzap.com.br/perolladotapajos/produto/3490355"
"3490355","FZ3490355","Brinco","Brinco","33,00","Brincos","","1","True","False","/imgs/perolla/3490355-1.webp","nao","nao","nao","https://facilzap.com.br/perolladotapajos/produto/3490355"
"3490355","FZ3490355","Brinco","Brinco","33,00","Brincos","","1","True","False","/imgs/perolla/3490355-1.webp","nao","nao","nao","https://facilzap.com.br/perolladotapajos/produto/3490355"
"3490355","FZ3490355","Brinco","Brinco","33,00","Brincos","","1","True","False","/imgs/perolla/3490355-1.webp","nao","nao","nao","https://facilzap.com.br/perolladotapajos/produto/3490355"
"3490354","FZ3490354","Argola Colorida G","Argola","60,00","Brincos","Colorida G","1","True","False","/imgs/perolla/3490354-1.webp","nao","nao","nao","https://facilzap.com.br/perolladotapajos/produto/3490354"
"3490354","FZ3490354","Argola Colorida G","Argola","60,00","Brincos","Colorida G","1","True","False","/imgs/perolla/3490354-1.webp","nao","nao","nao","https://facilzap.com.br/perolladotapajos/produto/3490354"
"3490354","FZ3490354","Argola Colorida G","Argola","60,00","Brincos","Colorida G","1","True","False","/imgs/perolla/3490354-1.webp","nao","nao","nao","https://facilzap.com.br/perolladotapajos/produto/3490354"
"3490354","FZ3490354","Argola Colorida G","Argola","60,00","Brincos","Colorida G","1","True","False","/imgs/perolla/3490354-1.webp","nao","nao","nao","https://facilzap.com.br/perolladotapajos/produto/3490354"
"3490354","FZ3490354","Argola Colorida G","Argola","60,00","Brincos","Colorida G","1","True","False","/imgs/perolla/3490354-1.webp","nao","nao","nao","https://facilzap.com.br/perolladotapajos/produto/3490354"
"3490353","FZ3490353","Argola Colorida M","Argola","30,00","Brincos","Colorida M","1","True","False","/imgs/perolla/3490353-1.webp","nao","nao","nao","https://facilzap.com.br/perolladotapajos/produto/3490353"
"3490353","FZ3490353","Argola Colorida M","Argola","30,00","Brincos","Colorida M","1","True","False","/imgs/perolla/3490353-1.webp","nao","nao","nao","https://facilzap.com.br/perolladotapajos/produto/3490353"
"3490353","FZ3490353","Argola Colorida M","Argola","30,00","Brincos","Colorida M","1","True","False","/imgs/perolla/3490353-1.webp","nao","nao","nao","https://facilzap.com.br/perolladotapajos/produto/3490353"
"3490353","FZ3490353","Argola Colorida M","Argola","30,00","Brincos","Colorida M","1","True","False","/imgs/perolla/3490353-1.webp","nao","nao","nao","https://facilzap.com.br/perolladotapajos/produto/3490353"
"3490353","FZ3490353","Argola Colorida M","Argola","30,00","Brincos","Colorida M","1","True","False","/imgs/perolla/3490353-1.webp","nao","nao","nao","https://facilzap.com.br/perolladotapajos/produto/3490353"
"3490350","FZ3490350","Brinco","Brinco","50,00","Brincos","","1","True","False","/imgs/perolla/3490350-1.webp","nao","nao","nao","https://facilzap.com.br/perolladotapajos/produto/3490350"
"3490350","FZ3490350","Brinco","Brinco","50,00","Brincos","","1","True","False","/imgs/perolla/3490350-1.webp","nao","nao","nao","https://facilzap.com.br/perolladotapajos/produto/3490350"
"3490350","FZ3490350","Brinco","Brinco","50,00","Brincos","","1","True","False","/imgs/perolla/3490350-1.webp","nao","nao","nao","https://facilzap.com.br/perolladotapajos/produto/3490350"
"3490350","FZ3490350","Brinco","Brinco","50,00","Brincos","","1","True","False","/imgs/perolla/3490350-1.webp","nao","nao","nao","https://facilzap.com.br/perolladotapajos/produto/3490350"
"3490350","FZ3490350","Brinco","Brinco","50,00","Brincos","","1","True","False","/imgs/perolla/3490350-1.webp","nao","nao","nao","https://facilzap.com.br/perolladotapajos/produto/3490350"
"3490349","FZ3490349","Brinco Colorido","Brinco","50,00","Brincos","Colorido","1","True","False","/imgs/perolla/3490349-1.webp","nao","nao","nao","https://facilzap.com.br/perolladotapajos/produto/3490349"
"3490349","FZ3490349","Brinco Colorido","Brinco","50,00","Brincos","Colorido","1","True","False","/imgs/perolla/3490349-1.webp","nao","nao","nao","https://facilzap.com.br/perolladotapajos/produto/3490349"
"3490349","FZ3490349","Brinco Colorido","Brinco","50,00","Brincos","Colorido","1","True","False","/imgs/perolla/3490349-1.webp","nao","nao","nao","https://facilzap.com.br/perolladotapajos/produto/3490349"
"3490349","FZ3490349","Brinco Colorido","Brinco","50,00","Brincos","Colorido","1","True","False","/imgs/perolla/3490349-1.webp","nao","nao","nao","https://facilzap.com.br/perolladotapajos/produto/3490349"
"3490349","FZ3490349","Brinco Colorido","Brinco","50,00","Brincos","Colorido","1","True","False","/imgs/perolla/3490349-1.webp","nao","nao","nao","https://facilzap.com.br/perolladotapajos/produto/3490349"
"3490346","FZ3490346","Brinco","Brinco","45,00","Brincos","","1","True","False","/imgs/perolla/3490346-1.webp","nao","nao","nao","https://facilzap.com.br/perolladotapajos/produto/3490346"
"3490346","FZ3490346","Brinco","Brinco","45,00","Brincos","","1","True","False","/imgs/perolla/3490346-1.webp","nao","nao","nao","https://facilzap.com.br/perolladotapajos/produto/3490346"
"3490346","FZ3490346","Brinco","Brinco","45,00","Brincos","","1","True","False","/imgs/perolla/3490346-1.webp","nao","nao","nao","https://facilzap.com.br/perolladotapajos/produto/3490346"
"3490346","FZ3490346","Brinco","Brinco","45,00","Brincos","","1","True","False","/imgs/perolla/3490346-1.webp","nao","nao","nao","https://facilzap.com.br/perolladotapajos/produto/3490346"
"3490346","FZ3490346","Brinco","Brinco","45,00","Brincos","","1","True","False","/imgs/perolla/3490346-1.webp","nao","nao","nao","https://facilzap.com.br/perolladotapajos/produto/3490346"
"3490345","FZ3490345","Brinco Cravejado Com Banho De","Brinco","45,00","Brincos","Cravejado com banho de prata","1","True","False","/imgs/perolla/3490345-1.webp","nao","nao","nao","https://facilzap.com.br/perolladotapajos/produto/3490345"
"3490345","FZ3490345","Brinco Cravejado Com Banho De","Brinco","45,00","Brincos","Cravejado com banho de prata","1","True","False","/imgs/perolla/3490345-1.webp","nao","nao","nao","https://facilzap.com.br/perolladotapajos/produto/3490345"
"3490345","FZ3490345","Brinco Cravejado Com Banho De","Brinco","45,00","Brincos","Cravejado com banho de prata","1","True","False","/imgs/perolla/3490345-1.webp","nao","nao","nao","https://facilzap.com.br/perolladotapajos/produto/3490345"
"3490345","FZ3490345","Brinco Cravejado Com Banho De","Brinco","45,00","Brincos","Cravejado com banho de prata","1","True","False","/imgs/perolla/3490345-1.webp","nao","nao","nao","https://facilzap.com.br/perolladotapajos/produto/3490345"
"3490345","FZ3490345","Brinco Cravejado Com Banho De","Brinco","45,00","Brincos","Cravejado com banho de prata","1","True","False","/imgs/perolla/3490345-1.webp","nao","nao","nao","https://facilzap.com.br/perolladotapajos/produto/3490345"
"3489895","FZ3489895","Brinco Laço","Brinco","25,00","Brincos","Laço","1","True","False","/imgs/perolla/3489895-1.webp","nao","nao","nao","https://facilzap.com.br/perolladotapajos/produto/3489895"
"3489895","FZ3489895","Brinco Laço","Brinco","25,00","Brincos","Laço","1","True","False","/imgs/perolla/3489895-1.webp","nao","nao","nao","https://facilzap.com.br/perolladotapajos/produto/3489895"
"3489895","FZ3489895","Brinco Laço","Brinco","25,00","Brincos","Laço","1","True","False","/imgs/perolla/3489895-1.webp","nao","nao","nao","https://facilzap.com.br/perolladotapajos/produto/3489895"
"3489895","FZ3489895","Brinco Laço","Brinco","25,00","Brincos","Laço","1","True","False","/imgs/perolla/3489895-1.webp","nao","nao","nao","https://facilzap.com.br/perolladotapajos/produto/3489895"
"3489895","FZ3489895","Brinco Laço","Brinco","25,00","Brincos","Laço","1","True","False","/imgs/perolla/3489895-1.webp","nao","nao","nao","https://facilzap.com.br/perolladotapajos/produto/3489895"
"3489893","FZ3489893","Brinco Pérola E Borboleta Cravejada","Brinco","32,00","Brincos","Pérola e borboleta cravejada","1","True","True","","nao","nao","nao","https://facilzap.com.br/perolladotapajos/produto/3489893"
"3489893","FZ3489893","Brinco Pérola E Borboleta Cravejada","Brinco","32,00","Brincos","Pérola e borboleta cravejada","1","True","True","","nao","nao","nao","https://facilzap.com.br/perolladotapajos/produto/3489893"
"3489893","FZ3489893","Brinco Pérola E Borboleta Cravejada","Brinco","32,00","Brincos","Pérola e borboleta cravejada","1","True","True","","nao","nao","nao","https://facilzap.com.br/perolladotapajos/produto/3489893"
"3489893","FZ3489893","Brinco Pérola E Borboleta Cravejada","Brinco","32,00","Brincos","Pérola e borboleta cravejada","1","True","True","","nao","nao","nao","https://facilzap.com.br/perolladotapajos/produto/3489893"
"3489893","FZ3489893","Brinco Pérola E Borboleta Cravejada","Brinco","32,00","Brincos","Pérola e borboleta cravejada","1","True","True","","nao","nao","nao","https://facilzap.com.br/perolladotapajos/produto/3489893"
"3489892","FZ3489892","Brinco","Brinco","15,00","Brincos","","1","True","False","/imgs/perolla/3489892-1.webp","nao","nao","nao","https://facilzap.com.br/perolladotapajos/produto/3489892"
"3489892","FZ3489892","Brinco","Brinco","15,00","Brincos","","1","True","False","/imgs/perolla/3489892-1.webp","nao","nao","nao","https://facilzap.com.br/perolladotapajos/produto/3489892"
"3489892","FZ3489892","Brinco","Brinco","15,00","Brincos","","1","True","False","/imgs/perolla/3489892-1.webp","nao","nao","nao","https://facilzap.com.br/perolladotapajos/produto/3489892"
"3489892","FZ3489892","Brinco","Brinco","15,00","Brincos","","1","True","False","/imgs/perolla/3489892-1.webp","nao","nao","nao","https://facilzap.com.br/perolladotapajos/produto/3489892"
"3489892","FZ3489892","Brinco","Brinco","15,00","Brincos","","1","True","False","/imgs/perolla/3489892-1.webp","nao","nao","nao","https://facilzap.com.br/perolladotapajos/produto/3489892"
"3489891","FZ3489891","Brinco Cacho De Uma P","Brinco","18,00","Brincos","Cacho de uma P","1","True","False","/imgs/perolla/3489891-1.webp","nao","nao","nao","https://facilzap.com.br/perolladotapajos/produto/3489891"
"3489891","FZ3489891","Brinco Cacho De Uma P","Brinco","18,00","Brincos","Cacho de uma P","1","True","False","/imgs/perolla/3489891-1.webp","nao","nao","nao","https://facilzap.com.br/perolladotapajos/produto/3489891"
"3489891","FZ3489891","Brinco Cacho De Uma P","Brinco","18,00","Brincos","Cacho de uma P","1","True","False","/imgs/perolla/3489891-1.webp","nao","nao","nao","https://facilzap.com.br/perolladotapajos/produto/3489891"
"3489891","FZ3489891","Brinco Cacho De Uma P","Brinco","18,00","Brincos","Cacho de uma P","1","True","False","/imgs/perolla/3489891-1.webp","nao","nao","nao","https://facilzap.com.br/perolladotapajos/produto/3489891"
"3489891","FZ3489891","Brinco Cacho De Uma P","Brinco","18,00","Brincos","Cacho de uma P","1","True","False","/imgs/perolla/3489891-1.webp","nao","nao","nao","https://facilzap.com.br/perolladotapajos/produto/3489891"
"3489890","FZ3489890","Brinco Mini Pérolas","Brinco","25,00","Brincos","Mini pérolas","1","True","False","/imgs/perolla/3489890-1.webp","nao","nao","nao","https://facilzap.com.br/perolladotapajos/produto/3489890"
"3489890","FZ3489890","Brinco Mini Pérolas","Brinco","25,00","Brincos","Mini pérolas","1","True","False","/imgs/perolla/3489890-1.webp","nao","nao","nao","https://facilzap.com.br/perolladotapajos/produto/3489890"
"3489890","FZ3489890","Brinco Mini Pérolas","Brinco","25,00","Brincos","Mini pérolas","1","True","False","/imgs/perolla/3489890-1.webp","nao","nao","nao","https://facilzap.com.br/perolladotapajos/produto/3489890"
"3489890","FZ3489890","Brinco Mini Pérolas","Brinco","25,00","Brincos","Mini pérolas","1","True","False","/imgs/perolla/3489890-1.webp","nao","nao","nao","https://facilzap.com.br/perolladotapajos/produto/3489890"
"3489890","FZ3489890","Brinco Mini Pérolas","Brinco","25,00","Brincos","Mini pérolas","1","True","False","/imgs/perolla/3489890-1.webp","nao","nao","nao","https://facilzap.com.br/perolladotapajos/produto/3489890"
"3489889","FZ3489889","Brinco","Brinco","15,00","Brincos","","1","True","False","/imgs/perolla/3489889-1.webp","nao","nao","nao","https://facilzap.com.br/perolladotapajos/produto/3489889"
"3489889","FZ3489889","Brinco","Brinco","15,00","Brincos","","1","True","False","/imgs/perolla/3489889-1.webp","nao","nao","nao","https://facilzap.com.br/perolladotapajos/produto/3489889"
"3489889","FZ3489889","Brinco","Brinco","15,00","Brincos","","1","True","False","/imgs/perolla/3489889-1.webp","nao","nao","nao","https://facilzap.com.br/perolladotapajos/produto/3489889"
"3489889","FZ3489889","Brinco","Brinco","15,00","Brincos","","1","True","False","/imgs/perolla/3489889-1.webp","nao","nao","nao","https://facilzap.com.br/perolladotapajos/produto/3489889"
"3489889","FZ3489889","Brinco","Brinco","15,00","Brincos","","1","True","False","/imgs/perolla/3489889-1.webp","nao","nao","nao","https://facilzap.com.br/perolladotapajos/produto/3489889"
"3489887","FZ3489887","Brinco","Brinco","15,00","Brincos","","1","True","False","/imgs/perolla/3489887-1.webp","nao","nao","nao","https://facilzap.com.br/perolladotapajos/produto/3489887"
"3489887","FZ3489887","Brinco","Brinco","15,00","Brincos","","1","True","False","/imgs/perolla/3489887-1.webp","nao","nao","nao","https://facilzap.com.br/perolladotapajos/produto/3489887"
"3489887","FZ3489887","Brinco","Brinco","15,00","Brincos","","1","True","False","/imgs/perolla/3489887-1.webp","nao","nao","nao","https://facilzap.com.br/perolladotapajos/produto/3489887"
"3489887","FZ3489887","Brinco","Brinco","15,00","Brincos","","1","True","False","/imgs/perolla/3489887-1.webp","nao","nao","nao","https://facilzap.com.br/perolladotapajos/produto/3489887"
"3489887","FZ3489887","Brinco","Brinco","15,00","Brincos","","1","True","False","/imgs/perolla/3489887-1.webp","nao","nao","nao","https://facilzap.com.br/perolladotapajos/produto/3489887"
"3489886","FZ3489886","Brinco","Brinco","15,00","Brincos","","1","True","False","/imgs/perolla/3489886-1.webp","nao","nao","nao","https://facilzap.com.br/perolladotapajos/produto/3489886"
"3489886","FZ3489886","Brinco","Brinco","15,00","Brincos","","1","True","False","/imgs/perolla/3489886-1.webp","nao","nao","nao","https://facilzap.com.br/perolladotapajos/produto/3489886"
"3489886","FZ3489886","Brinco","Brinco","15,00","Brincos","","1","True","False","/imgs/perolla/3489886-1.webp","nao","nao","nao","https://facilzap.com.br/perolladotapajos/produto/3489886"
"3489886","FZ3489886","Brinco","Brinco","15,00","Brincos","","1","True","False","/imgs/perolla/3489886-1.webp","nao","nao","nao","https://facilzap.com.br/perolladotapajos/produto/3489886"
"3489886","FZ3489886","Brinco","Brinco","15,00","Brincos","","1","True","False","/imgs/perolla/3489886-1.webp","nao","nao","nao","https://facilzap.com.br/perolladotapajos/produto/3489886"
"3489884","FZ3489884","Brinco Chuva De Perolas","Brinco","35,00","Brincos","Chuva de perolas","1","True","False","/imgs/perolla/3489884-1.webp","nao","nao","nao","https://facilzap.com.br/perolladotapajos/produto/3489884"
"3489884","FZ3489884","Brinco Chuva De Perolas","Brinco","35,00","Brincos","Chuva de perolas","1","True","False","/imgs/perolla/3489884-1.webp","nao","nao","nao","https://facilzap.com.br/perolladotapajos/produto/3489884"
"3489884","FZ3489884","Brinco Chuva De Perolas","Brinco","35,00","Brincos","Chuva de perolas","1","True","False","/imgs/perolla/3489884-1.webp","nao","nao","nao","https://facilzap.com.br/perolladotapajos/produto/3489884"
"3489884","FZ3489884","Brinco Chuva De Perolas","Brinco","35,00","Brincos","Chuva de perolas","1","True","False","/imgs/perolla/3489884-1.webp","nao","nao","nao","https://facilzap.com.br/perolladotapajos/produto/3489884"
"3489884","FZ3489884","Brinco Chuva De Perolas","Brinco","35,00","Brincos","Chuva de perolas","1","True","False","/imgs/perolla/3489884-1.webp","nao","nao","nao","https://facilzap.com.br/perolladotapajos/produto/3489884"
"3489881","FZ3489881","Brinco Cravejado","Brinco","30,00","Brincos","Cravejado","1","True","False","/imgs/perolla/3489881-1.webp","nao","nao","nao","https://facilzap.com.br/perolladotapajos/produto/3489881"
"3489881","FZ3489881","Brinco Cravejado","Brinco","30,00","Brincos","Cravejado","1","True","False","/imgs/perolla/3489881-1.webp","nao","nao","nao","https://facilzap.com.br/perolladotapajos/produto/3489881"
"3489881","FZ3489881","Brinco Cravejado","Brinco","30,00","Brincos","Cravejado","1","True","False","/imgs/perolla/3489881-1.webp","nao","nao","nao","https://facilzap.com.br/perolladotapajos/produto/3489881"
"3489881","FZ3489881","Brinco Cravejado","Brinco","30,00","Brincos","Cravejado","1","True","False","/imgs/perolla/3489881-1.webp","nao","nao","nao","https://facilzap.com.br/perolladotapajos/produto/3489881"
"3489881","FZ3489881","Brinco Cravejado","Brinco","30,00","Brincos","Cravejado","1","True","False","/imgs/perolla/3489881-1.webp","nao","nao","nao","https://facilzap.com.br/perolladotapajos/produto/3489881"
"3489880","FZ3489880","Brinco Cravejado","Brinco","30,00","Brincos","Cravejado","1","True","False","/imgs/perolla/3489880-1.webp","nao","nao","nao","https://facilzap.com.br/perolladotapajos/produto/3489880"
"3489880","FZ3489880","Brinco Cravejado","Brinco","30,00","Brincos","Cravejado","1","True","False","/imgs/perolla/3489880-1.webp","nao","nao","nao","https://facilzap.com.br/perolladotapajos/produto/3489880"
"3489880","FZ3489880","Brinco Cravejado","Brinco","30,00","Brincos","Cravejado","1","True","False","/imgs/perolla/3489880-1.webp","nao","nao","nao","https://facilzap.com.br/perolladotapajos/produto/3489880"
"3489880","FZ3489880","Brinco Cravejado","Brinco","30,00","Brincos","Cravejado","1","True","False","/imgs/perolla/3489880-1.webp","nao","nao","nao","https://facilzap.com.br/perolladotapajos/produto/3489880"
"3489880","FZ3489880","Brinco Cravejado","Brinco","30,00","Brincos","Cravejado","1","True","False","/imgs/perolla/3489880-1.webp","nao","nao","nao","https://facilzap.com.br/perolladotapajos/produto/3489880"
"3489879","FZ3489879","Brinco Gatinho","Brinco","40,00","Brincos","Gatinho","1","True","False","/imgs/perolla/3489879-1.webp","nao","nao","nao","https://facilzap.com.br/perolladotapajos/produto/3489879"
"3489879","FZ3489879","Brinco Gatinho","Brinco","40,00","Brincos","Gatinho","1","True","False","/imgs/perolla/3489879-1.webp","nao","nao","nao","https://facilzap.com.br/perolladotapajos/produto/3489879"
"3489879","FZ3489879","Brinco Gatinho","Brinco","40,00","Brincos","Gatinho","1","True","False","/imgs/perolla/3489879-1.webp","nao","nao","nao","https://facilzap.com.br/perolladotapajos/produto/3489879"
"3489879","FZ3489879","Brinco Gatinho","Brinco","40,00","Brincos","Gatinho","1","True","False","/imgs/perolla/3489879-1.webp","nao","nao","nao","https://facilzap.com.br/perolladotapajos/produto/3489879"
"3489879","FZ3489879","Brinco Gatinho","Brinco","40,00","Brincos","Gatinho","1","True","False","/imgs/perolla/3489879-1.webp","nao","nao","nao","https://facilzap.com.br/perolladotapajos/produto/3489879"
"3488780","FZ3488780","Brinco","Brinco","25,00","Brincos","","1","True","False","/imgs/perolla/3488780-1.webp","nao","nao","nao","https://facilzap.com.br/perolladotapajos/produto/3488780"
"3488780","FZ3488780","Brinco","Brinco","25,00","Brincos","","1","True","False","/imgs/perolla/3488780-1.webp","nao","nao","nao","https://facilzap.com.br/perolladotapajos/produto/3488780"
"3488780","FZ3488780","Brinco","Brinco","25,00","Brincos","","1","True","False","/imgs/perolla/3488780-1.webp","nao","nao","nao","https://facilzap.com.br/perolladotapajos/produto/3488780"
"3488780","FZ3488780","Brinco","Brinco","25,00","Brincos","","1","True","False","/imgs/perolla/3488780-1.webp","nao","nao","nao","https://facilzap.com.br/perolladotapajos/produto/3488780"
"3488780","FZ3488780","Brinco","Brinco","25,00","Brincos","","1","True","False","/imgs/perolla/3488780-1.webp","nao","nao","nao","https://facilzap.com.br/perolladotapajos/produto/3488780"
"3488775","FZ3488775","Brinco","Brinco","30,00","Brincos","","1","True","False","/imgs/perolla/3488775-1.webp","nao","nao","nao","https://facilzap.com.br/perolladotapajos/produto/3488775"
"3488775","FZ3488775","Brinco","Brinco","30,00","Brincos","","1","True","False","/imgs/perolla/3488775-1.webp","nao","nao","nao","https://facilzap.com.br/perolladotapajos/produto/3488775"
"3488775","FZ3488775","Brinco","Brinco","30,00","Brincos","","1","True","False","/imgs/perolla/3488775-1.webp","nao","nao","nao","https://facilzap.com.br/perolladotapajos/produto/3488775"
"3488775","FZ3488775","Brinco","Brinco","30,00","Brincos","","1","True","False","/imgs/perolla/3488775-1.webp","nao","nao","nao","https://facilzap.com.br/perolladotapajos/produto/3488775"
"3488775","FZ3488775","Brinco","Brinco","30,00","Brincos","","1","True","False","/imgs/perolla/3488775-1.webp","nao","nao","nao","https://facilzap.com.br/perolladotapajos/produto/3488775"
"3488774","FZ3488774","Brinco","Brinco","22,00","Brincos","","1","True","False","/imgs/perolla/3488774-1.webp","nao","nao","nao","https://facilzap.com.br/perolladotapajos/produto/3488774"
"3488774","FZ3488774","Brinco","Brinco","22,00","Brincos","","1","True","False","/imgs/perolla/3488774-1.webp","nao","nao","nao","https://facilzap.com.br/perolladotapajos/produto/3488774"
"3488774","FZ3488774","Brinco","Brinco","22,00","Brincos","","1","True","False","/imgs/perolla/3488774-1.webp","nao","nao","nao","https://facilzap.com.br/perolladotapajos/produto/3488774"
"3488774","FZ3488774","Brinco","Brinco","22,00","Brincos","","1","True","False","/imgs/perolla/3488774-1.webp","nao","nao","nao","https://facilzap.com.br/perolladotapajos/produto/3488774"
"3488774","FZ3488774","Brinco","Brinco","22,00","Brincos","","1","True","False","/imgs/perolla/3488774-1.webp","nao","nao","nao","https://facilzap.com.br/perolladotapajos/produto/3488774"
"3488772","FZ3488772","Brinco","Brinco","25,00","Brincos","","1","True","False","/imgs/perolla/3488772-1.webp","nao","nao","nao","https://facilzap.com.br/perolladotapajos/produto/3488772"
"3488772","FZ3488772","Brinco","Brinco","25,00","Brincos","","1","True","False","/imgs/perolla/3488772-1.webp","nao","nao","nao","https://facilzap.com.br/perolladotapajos/produto/3488772"
"3488772","FZ3488772","Brinco","Brinco","25,00","Brincos","","1","True","False","/imgs/perolla/3488772-1.webp","nao","nao","nao","https://facilzap.com.br/perolladotapajos/produto/3488772"
"3488772","FZ3488772","Brinco","Brinco","25,00","Brincos","","1","True","False","/imgs/perolla/3488772-1.webp","nao","nao","nao","https://facilzap.com.br/perolladotapajos/produto/3488772"
"3488772","FZ3488772","Brinco","Brinco","25,00","Brincos","","1","True","False","/imgs/perolla/3488772-1.webp","nao","nao","nao","https://facilzap.com.br/perolladotapajos/produto/3488772"
"3488769","FZ3488769","Brinco","Brinco","15,00","Brincos","","1","True","False","/imgs/perolla/3488769-1.webp","nao","nao","nao","https://facilzap.com.br/perolladotapajos/produto/3488769"
"3488769","FZ3488769","Brinco","Brinco","15,00","Brincos","","1","True","False","/imgs/perolla/3488769-1.webp","nao","nao","nao","https://facilzap.com.br/perolladotapajos/produto/3488769"
"3488769","FZ3488769","Brinco","Brinco","15,00","Brincos","","1","True","False","/imgs/perolla/3488769-1.webp","nao","nao","nao","https://facilzap.com.br/perolladotapajos/produto/3488769"
"3488769","FZ3488769","Brinco","Brinco","15,00","Brincos","","1","True","False","/imgs/perolla/3488769-1.webp","nao","nao","nao","https://facilzap.com.br/perolladotapajos/produto/3488769"
"3488769","FZ3488769","Brinco","Brinco","15,00","Brincos","","1","True","False","/imgs/perolla/3488769-1.webp","nao","nao","nao","https://facilzap.com.br/perolladotapajos/produto/3488769"
"3488768","FZ3488768","Brinco","Brinco","28,00","Brincos","","1","True","False","/imgs/perolla/3488768-1.webp","nao","nao","nao","https://facilzap.com.br/perolladotapajos/produto/3488768"
"3488768","FZ3488768","Brinco","Brinco","28,00","Brincos","","1","True","False","/imgs/perolla/3488768-1.webp","nao","nao","nao","https://facilzap.com.br/perolladotapajos/produto/3488768"
"3488768","FZ3488768","Brinco","Brinco","28,00","Brincos","","1","True","False","/imgs/perolla/3488768-1.webp","nao","nao","nao","https://facilzap.com.br/perolladotapajos/produto/3488768"
"3488768","FZ3488768","Brinco","Brinco","28,00","Brincos","","1","True","False","/imgs/perolla/3488768-1.webp","nao","nao","nao","https://facilzap.com.br/perolladotapajos/produto/3488768"
"3488768","FZ3488768","Brinco","Brinco","28,00","Brincos","","1","True","False","/imgs/perolla/3488768-1.webp","nao","nao","nao","https://facilzap.com.br/perolladotapajos/produto/3488768"
"3488767","FZ3488767","Brinco","Brinco","30,00","Brincos","","1","True","False","/imgs/perolla/3488767-1.webp","nao","nao","nao","https://facilzap.com.br/perolladotapajos/produto/3488767"
"3488767","FZ3488767","Brinco","Brinco","30,00","Brincos","","1","True","False","/imgs/perolla/3488767-1.webp","nao","nao","nao","https://facilzap.com.br/perolladotapajos/produto/3488767"
"3488767","FZ3488767","Brinco","Brinco","30,00","Brincos","","1","True","False","/imgs/perolla/3488767-1.webp","nao","nao","nao","https://facilzap.com.br/perolladotapajos/produto/3488767"
"3488767","FZ3488767","Brinco","Brinco","30,00","Brincos","","1","True","False","/imgs/perolla/3488767-1.webp","nao","nao","nao","https://facilzap.com.br/perolladotapajos/produto/3488767"
"3488767","FZ3488767","Brinco","Brinco","30,00","Brincos","","1","True","False","/imgs/perolla/3488767-1.webp","nao","nao","nao","https://facilzap.com.br/perolladotapajos/produto/3488767"
"3488766","FZ3488766","Brinco","Brinco","22,00","Brincos","","1","True","False","/imgs/perolla/3488766-1.webp","nao","nao","nao","https://facilzap.com.br/perolladotapajos/produto/3488766"
"3488766","FZ3488766","Brinco","Brinco","22,00","Brincos","","1","True","False","/imgs/perolla/3488766-1.webp","nao","nao","nao","https://facilzap.com.br/perolladotapajos/produto/3488766"
"3488766","FZ3488766","Brinco","Brinco","22,00","Brincos","","1","True","False","/imgs/perolla/3488766-1.webp","nao","nao","nao","https://facilzap.com.br/perolladotapajos/produto/3488766"
"3488766","FZ3488766","Brinco","Brinco","22,00","Brincos","","1","True","False","/imgs/perolla/3488766-1.webp","nao","nao","nao","https://facilzap.com.br/perolladotapajos/produto/3488766"
"3488766","FZ3488766","Brinco","Brinco","22,00","Brincos","","1","True","False","/imgs/perolla/3488766-1.webp","nao","nao","nao","https://facilzap.com.br/perolladotapajos/produto/3488766"
"3488652","FZ3488652","Brinco","Brinco","30,00","Brincos","","1","True","False","/imgs/perolla/3488652-1.webp","nao","nao","nao","https://facilzap.com.br/perolladotapajos/produto/3488652"
"3488652","FZ3488652","Brinco","Brinco","30,00","Brincos","","1","True","False","/imgs/perolla/3488652-1.webp","nao","nao","nao","https://facilzap.com.br/perolladotapajos/produto/3488652"
"3488652","FZ3488652","Brinco","Brinco","30,00","Brincos","","1","True","False","/imgs/perolla/3488652-1.webp","nao","nao","nao","https://facilzap.com.br/perolladotapajos/produto/3488652"
"3488652","FZ3488652","Brinco","Brinco","30,00","Brincos","","1","True","False","/imgs/perolla/3488652-1.webp","nao","nao","nao","https://facilzap.com.br/perolladotapajos/produto/3488652"
"3488652","FZ3488652","Brinco","Brinco","30,00","Brincos","","1","True","False","/imgs/perolla/3488652-1.webp","nao","nao","nao","https://facilzap.com.br/perolladotapajos/produto/3488652"
"3488651","FZ3488651","Brinco Penduradinho De Pérolas","Brinco","30,00","Brincos","Penduradinho de pérolas","1","True","False","/imgs/perolla/3488651-1.webp","nao","nao","nao","https://facilzap.com.br/perolladotapajos/produto/3488651"
"3488651","FZ3488651","Brinco Penduradinho De Pérolas","Brinco","30,00","Brincos","Penduradinho de pérolas","1","True","False","/imgs/perolla/3488651-1.webp","nao","nao","nao","https://facilzap.com.br/perolladotapajos/produto/3488651"
"3488651","FZ3488651","Brinco Penduradinho De Pérolas","Brinco","30,00","Brincos","Penduradinho de pérolas","1","True","False","/imgs/perolla/3488651-1.webp","nao","nao","nao","https://facilzap.com.br/perolladotapajos/produto/3488651"
"3488651","FZ3488651","Brinco Penduradinho De Pérolas","Brinco","30,00","Brincos","Penduradinho de pérolas","1","True","False","/imgs/perolla/3488651-1.webp","nao","nao","nao","https://facilzap.com.br/perolladotapajos/produto/3488651"
"3488651","FZ3488651","Brinco Penduradinho De Pérolas","Brinco","30,00","Brincos","Penduradinho de pérolas","1","True","False","/imgs/perolla/3488651-1.webp","nao","nao","nao","https://facilzap.com.br/perolladotapajos/produto/3488651"
"3488650","FZ3488650","Brinco","Brinco","20,00","Brincos","","1","True","False","/imgs/perolla/3488650-1.webp","nao","nao","nao","https://facilzap.com.br/perolladotapajos/produto/3488650"
"3488650","FZ3488650","Brinco","Brinco","20,00","Brincos","","1","True","False","/imgs/perolla/3488650-1.webp","nao","nao","nao","https://facilzap.com.br/perolladotapajos/produto/3488650"
"3488650","FZ3488650","Brinco","Brinco","20,00","Brincos","","1","True","False","/imgs/perolla/3488650-1.webp","nao","nao","nao","https://facilzap.com.br/perolladotapajos/produto/3488650"
"3488650","FZ3488650","Brinco","Brinco","20,00","Brincos","","1","True","False","/imgs/perolla/3488650-1.webp","nao","nao","nao","https://facilzap.com.br/perolladotapajos/produto/3488650"
"3488650","FZ3488650","Brinco","Brinco","20,00","Brincos","","1","True","False","/imgs/perolla/3488650-1.webp","nao","nao","nao","https://facilzap.com.br/perolladotapajos/produto/3488650"
"3488649","FZ3488649","Brinco","Brincco","20,00","Brincos","","1","True","False","/imgs/perolla/3488649-1.webp","nao","nao","nao","https://facilzap.com.br/perolladotapajos/produto/3488649"
"3488649","FZ3488649","Brinco","Brincco","20,00","Brincos","","1","True","False","/imgs/perolla/3488649-1.webp","nao","nao","nao","https://facilzap.com.br/perolladotapajos/produto/3488649"
"3488649","FZ3488649","Brinco","Brincco","20,00","Brincos","","1","True","False","/imgs/perolla/3488649-1.webp","nao","nao","nao","https://facilzap.com.br/perolladotapajos/produto/3488649"
"3488649","FZ3488649","Brinco","Brincco","20,00","Brincos","","1","True","False","/imgs/perolla/3488649-1.webp","nao","nao","nao","https://facilzap.com.br/perolladotapajos/produto/3488649"
"3488649","FZ3488649","Brinco","Brincco","20,00","Brincos","","1","True","False","/imgs/perolla/3488649-1.webp","nao","nao","nao","https://facilzap.com.br/perolladotapajos/produto/3488649"
"3488648","FZ3488648","Brinco Cravejado","Brinco","29,00","Brincos","Cravejado","1","True","False","/imgs/perolla/3488648-1.webp","nao","nao","nao","https://facilzap.com.br/perolladotapajos/produto/3488648"
"3488648","FZ3488648","Brinco Cravejado","Brinco","29,00","Brincos","Cravejado","1","True","False","/imgs/perolla/3488648-1.webp","nao","nao","nao","https://facilzap.com.br/perolladotapajos/produto/3488648"
"3488648","FZ3488648","Brinco Cravejado","Brinco","29,00","Brincos","Cravejado","1","True","False","/imgs/perolla/3488648-1.webp","nao","nao","nao","https://facilzap.com.br/perolladotapajos/produto/3488648"
"3488648","FZ3488648","Brinco Cravejado","Brinco","29,00","Brincos","Cravejado","1","True","False","/imgs/perolla/3488648-1.webp","nao","nao","nao","https://facilzap.com.br/perolladotapajos/produto/3488648"
"3488648","FZ3488648","Brinco Cravejado","Brinco","29,00","Brincos","Cravejado","1","True","False","/imgs/perolla/3488648-1.webp","nao","nao","nao","https://facilzap.com.br/perolladotapajos/produto/3488648"
"3488647","FZ3488647","Brinco","Brinco","27,00","Brincos","","1","True","False","/imgs/perolla/3488647-1.webp","nao","nao","nao","https://facilzap.com.br/perolladotapajos/produto/3488647"
"3488647","FZ3488647","Brinco","Brinco","27,00","Brincos","","1","True","False","/imgs/perolla/3488647-1.webp","nao","nao","nao","https://facilzap.com.br/perolladotapajos/produto/3488647"
"3488647","FZ3488647","Brinco","Brinco","27,00","Brincos","","1","True","False","/imgs/perolla/3488647-1.webp","nao","nao","nao","https://facilzap.com.br/perolladotapajos/produto/3488647"
"3488647","FZ3488647","Brinco","Brinco","27,00","Brincos","","1","True","False","/imgs/perolla/3488647-1.webp","nao","nao","nao","https://facilzap.com.br/perolladotapajos/produto/3488647"
"3488647","FZ3488647","Brinco","Brinco","27,00","Brincos","","1","True","False","/imgs/perolla/3488647-1.webp","nao","nao","nao","https://facilzap.com.br/perolladotapajos/produto/3488647"
"3488646","FZ3488646","Brinco","Brinco","27,00","Brincos","","1","True","False","/imgs/perolla/3488646-1.webp","nao","nao","nao","https://facilzap.com.br/perolladotapajos/produto/3488646"
"3488646","FZ3488646","Brinco","Brinco","27,00","Brincos","","1","True","False","/imgs/perolla/3488646-1.webp","nao","nao","nao","https://facilzap.com.br/perolladotapajos/produto/3488646"
"3488646","FZ3488646","Brinco","Brinco","27,00","Brincos","","1","True","False","/imgs/perolla/3488646-1.webp","nao","nao","nao","https://facilzap.com.br/perolladotapajos/produto/3488646"
"3488646","FZ3488646","Brinco","Brinco","27,00","Brincos","","1","True","False","/imgs/perolla/3488646-1.webp","nao","nao","nao","https://facilzap.com.br/perolladotapajos/produto/3488646"
"3488646","FZ3488646","Brinco","Brinco","27,00","Brincos","","1","True","False","/imgs/perolla/3488646-1.webp","nao","nao","nao","https://facilzap.com.br/perolladotapajos/produto/3488646"
"3488645","FZ3488645","Brinco","Brinco","25,00","Brincos","","1","True","False","/imgs/perolla/3488645-1.webp","nao","nao","nao","https://facilzap.com.br/perolladotapajos/produto/3488645"
"3488645","FZ3488645","Brinco","Brinco","25,00","Brincos","","1","True","False","/imgs/perolla/3488645-1.webp","nao","nao","nao","https://facilzap.com.br/perolladotapajos/produto/3488645"
"3488645","FZ3488645","Brinco","Brinco","25,00","Brincos","","1","True","False","/imgs/perolla/3488645-1.webp","nao","nao","nao","https://facilzap.com.br/perolladotapajos/produto/3488645"
"3488645","FZ3488645","Brinco","Brinco","25,00","Brincos","","1","True","False","/imgs/perolla/3488645-1.webp","nao","nao","nao","https://facilzap.com.br/perolladotapajos/produto/3488645"
"3488645","FZ3488645","Brinco","Brinco","25,00","Brincos","","1","True","False","/imgs/perolla/3488645-1.webp","nao","nao","nao","https://facilzap.com.br/perolladotapajos/produto/3488645"
"3488644","FZ3488644","Brinco","Brinco","25,00","Brincos","","1","True","False","/imgs/perolla/3488644-1.webp","nao","nao","nao","https://facilzap.com.br/perolladotapajos/produto/3488644"
"3488644","FZ3488644","Brinco","Brinco","25,00","Brincos","","1","True","False","/imgs/perolla/3488644-1.webp","nao","nao","nao","https://facilzap.com.br/perolladotapajos/produto/3488644"
"3488644","FZ3488644","Brinco","Brinco","25,00","Brincos","","1","True","False","/imgs/perolla/3488644-1.webp","nao","nao","nao","https://facilzap.com.br/perolladotapajos/produto/3488644"
"3488644","FZ3488644","Brinco","Brinco","25,00","Brincos","","1","True","False","/imgs/perolla/3488644-1.webp","nao","nao","nao","https://facilzap.com.br/perolladotapajos/produto/3488644"
"3488644","FZ3488644","Brinco","Brinco","25,00","Brincos","","1","True","False","/imgs/perolla/3488644-1.webp","nao","nao","nao","https://facilzap.com.br/perolladotapajos/produto/3488644"
"3488643","FZ3488643","Brinco","Brinco","25,00","Brincos","","1","True","False","/imgs/perolla/3488643-1.webp","nao","nao","nao","https://facilzap.com.br/perolladotapajos/produto/3488643"
"3488643","FZ3488643","Brinco","Brinco","25,00","Brincos","","1","True","False","/imgs/perolla/3488643-1.webp","nao","nao","nao","https://facilzap.com.br/perolladotapajos/produto/3488643"
"3488643","FZ3488643","Brinco","Brinco","25,00","Brincos","","1","True","False","/imgs/perolla/3488643-1.webp","nao","nao","nao","https://facilzap.com.br/perolladotapajos/produto/3488643"
"3488643","FZ3488643","Brinco","Brinco","25,00","Brincos","","1","True","False","/imgs/perolla/3488643-1.webp","nao","nao","nao","https://facilzap.com.br/perolladotapajos/produto/3488643"
"3488643","FZ3488643","Brinco","Brinco","25,00","Brincos","","1","True","False","/imgs/perolla/3488643-1.webp","nao","nao","nao","https://facilzap.com.br/perolladotapajos/produto/3488643"
"3488642","FZ3488642","Brinco","Brinco","16,00","Brincos","","1","True","False","/imgs/perolla/3488642-1.webp","nao","nao","nao","https://facilzap.com.br/perolladotapajos/produto/3488642"
"3488642","FZ3488642","Brinco","Brinco","16,00","Brincos","","1","True","False","/imgs/perolla/3488642-1.webp","nao","nao","nao","https://facilzap.com.br/perolladotapajos/produto/3488642"
"3488642","FZ3488642","Brinco","Brinco","16,00","Brincos","","1","True","False","/imgs/perolla/3488642-1.webp","nao","nao","nao","https://facilzap.com.br/perolladotapajos/produto/3488642"
"3488642","FZ3488642","Brinco","Brinco","16,00","Brincos","","1","True","False","/imgs/perolla/3488642-1.webp","nao","nao","nao","https://facilzap.com.br/perolladotapajos/produto/3488642"
"3488642","FZ3488642","Brinco","Brinco","16,00","Brincos","","1","True","False","/imgs/perolla/3488642-1.webp","nao","nao","nao","https://facilzap.com.br/perolladotapajos/produto/3488642"
"3488641","FZ3488641","Brinco","Brinco","15,00","Brincos","","1","True","False","/imgs/perolla/3488641-1.webp","nao","nao","nao","https://facilzap.com.br/perolladotapajos/produto/3488641"
"3488641","FZ3488641","Brinco","Brinco","15,00","Brincos","","1","True","False","/imgs/perolla/3488641-1.webp","nao","nao","nao","https://facilzap.com.br/perolladotapajos/produto/3488641"
"3488641","FZ3488641","Brinco","Brinco","15,00","Brincos","","1","True","False","/imgs/perolla/3488641-1.webp","nao","nao","nao","https://facilzap.com.br/perolladotapajos/produto/3488641"
"3488641","FZ3488641","Brinco","Brinco","15,00","Brincos","","1","True","False","/imgs/perolla/3488641-1.webp","nao","nao","nao","https://facilzap.com.br/perolladotapajos/produto/3488641"
"3488641","FZ3488641","Brinco","Brinco","15,00","Brincos","","1","True","False","/imgs/perolla/3488641-1.webp","nao","nao","nao","https://facilzap.com.br/perolladotapajos/produto/3488641"
"3488637","FZ3488637","Brinco Círculo Cravejado","Brinco","29,00","Brincos","Círculo cravejado","1","True","False","/imgs/perolla/3488637-1.webp","nao","nao","nao","https://facilzap.com.br/perolladotapajos/produto/3488637"
"3488637","FZ3488637","Brinco Círculo Cravejado","Brinco","29,00","Brincos","Círculo cravejado","1","True","False","/imgs/perolla/3488637-1.webp","nao","nao","nao","https://facilzap.com.br/perolladotapajos/produto/3488637"
"3488637","FZ3488637","Brinco Círculo Cravejado","Brinco","29,00","Brincos","Círculo cravejado","1","True","False","/imgs/perolla/3488637-1.webp","nao","nao","nao","https://facilzap.com.br/perolladotapajos/produto/3488637"
"3488637","FZ3488637","Brinco Círculo Cravejado","Brinco","29,00","Brincos","Círculo cravejado","1","True","False","/imgs/perolla/3488637-1.webp","nao","nao","nao","https://facilzap.com.br/perolladotapajos/produto/3488637"
"3488637","FZ3488637","Brinco Círculo Cravejado","Brinco","29,00","Brincos","Círculo cravejado","1","True","False","/imgs/perolla/3488637-1.webp","nao","nao","nao","https://facilzap.com.br/perolladotapajos/produto/3488637"
"3488636","FZ3488636","Brinco","Brinco","20,00","Brincos","","1","True","False","/imgs/perolla/3488636-1.webp","nao","nao","nao","https://facilzap.com.br/perolladotapajos/produto/3488636"
"3488636","FZ3488636","Brinco","Brinco","20,00","Brincos","","1","True","False","/imgs/perolla/3488636-1.webp","nao","nao","nao","https://facilzap.com.br/perolladotapajos/produto/3488636"
"3488636","FZ3488636","Brinco","Brinco","20,00","Brincos","","1","True","False","/imgs/perolla/3488636-1.webp","nao","nao","nao","https://facilzap.com.br/perolladotapajos/produto/3488636"
"3488636","FZ3488636","Brinco","Brinco","20,00","Brincos","","1","True","False","/imgs/perolla/3488636-1.webp","nao","nao","nao","https://facilzap.com.br/perolladotapajos/produto/3488636"
"3488636","FZ3488636","Brinco","Brinco","20,00","Brincos","","1","True","False","/imgs/perolla/3488636-1.webp","nao","nao","nao","https://facilzap.com.br/perolladotapajos/produto/3488636"
"3488635","FZ3488635","Brinco","Brinco","20,00","Brincos","","1","True","False","/imgs/perolla/3488635-1.webp","nao","nao","nao","https://facilzap.com.br/perolladotapajos/produto/3488635"
"3488635","FZ3488635","Brinco","Brinco","20,00","Brincos","","1","True","False","/imgs/perolla/3488635-1.webp","nao","nao","nao","https://facilzap.com.br/perolladotapajos/produto/3488635"
"3488635","FZ3488635","Brinco","Brinco","20,00","Brincos","","1","True","False","/imgs/perolla/3488635-1.webp","nao","nao","nao","https://facilzap.com.br/perolladotapajos/produto/3488635"
"3488635","FZ3488635","Brinco","Brinco","20,00","Brincos","","1","True","False","/imgs/perolla/3488635-1.webp","nao","nao","nao","https://facilzap.com.br/perolladotapajos/produto/3488635"
"3488635","FZ3488635","Brinco","Brinco","20,00","Brincos","","1","True","False","/imgs/perolla/3488635-1.webp","nao","nao","nao","https://facilzap.com.br/perolladotapajos/produto/3488635"
"3488634","FZ3488634","Brinco Cravejado Borboleta","Brinco","22,00","Brincos","Cravejado borboleta","1","True","False","/imgs/perolla/3488634-1.webp","nao","nao","nao","https://facilzap.com.br/perolladotapajos/produto/3488634"
"3488634","FZ3488634","Brinco Cravejado Borboleta","Brinco","22,00","Brincos","Cravejado borboleta","1","True","False","/imgs/perolla/3488634-1.webp","nao","nao","nao","https://facilzap.com.br/perolladotapajos/produto/3488634"
"3488634","FZ3488634","Brinco Cravejado Borboleta","Brinco","22,00","Brincos","Cravejado borboleta","1","True","False","/imgs/perolla/3488634-1.webp","nao","nao","nao","https://facilzap.com.br/perolladotapajos/produto/3488634"
"3488634","FZ3488634","Brinco Cravejado Borboleta","Brinco","22,00","Brincos","Cravejado borboleta","1","True","False","/imgs/perolla/3488634-1.webp","nao","nao","nao","https://facilzap.com.br/perolladotapajos/produto/3488634"
"3488634","FZ3488634","Brinco Cravejado Borboleta","Brinco","22,00","Brincos","Cravejado borboleta","1","True","False","/imgs/perolla/3488634-1.webp","nao","nao","nao","https://facilzap.com.br/perolladotapajos/produto/3488634"
"3488633","FZ3488633","Brinco Cravejado","Brinco","22,00","Brincos","Cravejado","1","True","False","/imgs/perolla/3488633-1.webp","nao","nao","nao","https://facilzap.com.br/perolladotapajos/produto/3488633"
"3488633","FZ3488633","Brinco Cravejado","Brinco","22,00","Brincos","Cravejado","1","True","False","/imgs/perolla/3488633-1.webp","nao","nao","nao","https://facilzap.com.br/perolladotapajos/produto/3488633"
"3488633","FZ3488633","Brinco Cravejado","Brinco","22,00","Brincos","Cravejado","1","True","False","/imgs/perolla/3488633-1.webp","nao","nao","nao","https://facilzap.com.br/perolladotapajos/produto/3488633"
"3488633","FZ3488633","Brinco Cravejado","Brinco","22,00","Brincos","Cravejado","1","True","False","/imgs/perolla/3488633-1.webp","nao","nao","nao","https://facilzap.com.br/perolladotapajos/produto/3488633"
"3488633","FZ3488633","Brinco Cravejado","Brinco","22,00","Brincos","Cravejado","1","True","False","/imgs/perolla/3488633-1.webp","nao","nao","nao","https://facilzap.com.br/perolladotapajos/produto/3488633"
"3488632","FZ3488632","Brinco Madre Pérola","Brinco","25,00","Brincos","Madre pérola","1","True","False","/imgs/perolla/3488632-1.webp","nao","nao","nao","https://facilzap.com.br/perolladotapajos/produto/3488632"
"3488632","FZ3488632","Brinco Madre Pérola","Brinco","25,00","Brincos","Madre pérola","1","True","False","/imgs/perolla/3488632-1.webp","nao","nao","nao","https://facilzap.com.br/perolladotapajos/produto/3488632"
"3488632","FZ3488632","Brinco Madre Pérola","Brinco","25,00","Brincos","Madre pérola","1","True","False","/imgs/perolla/3488632-1.webp","nao","nao","nao","https://facilzap.com.br/perolladotapajos/produto/3488632"
"3488632","FZ3488632","Brinco Madre Pérola","Brinco","25,00","Brincos","Madre pérola","1","True","False","/imgs/perolla/3488632-1.webp","nao","nao","nao","https://facilzap.com.br/perolladotapajos/produto/3488632"
"3488632","FZ3488632","Brinco Madre Pérola","Brinco","25,00","Brincos","Madre pérola","1","True","False","/imgs/perolla/3488632-1.webp","nao","nao","nao","https://facilzap.com.br/perolladotapajos/produto/3488632"
"3488631","FZ3488631","Brinco Abelha Com Madre Pérola","Brinco","28,00","Brincos","Abelha com madre pérola.","1","True","False","/imgs/perolla/3488631-1.webp","nao","nao","nao","https://facilzap.com.br/perolladotapajos/produto/3488631"
"3488631","FZ3488631","Brinco Abelha Com Madre Pérola","Brinco","28,00","Brincos","Abelha com madre pérola.","1","True","False","/imgs/perolla/3488631-1.webp","nao","nao","nao","https://facilzap.com.br/perolladotapajos/produto/3488631"
"3488631","FZ3488631","Brinco Abelha Com Madre Pérola","Brinco","28,00","Brincos","Abelha com madre pérola.","1","True","False","/imgs/perolla/3488631-1.webp","nao","nao","nao","https://facilzap.com.br/perolladotapajos/produto/3488631"
"3488631","FZ3488631","Brinco Abelha Com Madre Pérola","Brinco","28,00","Brincos","Abelha com madre pérola.","1","True","False","/imgs/perolla/3488631-1.webp","nao","nao","nao","https://facilzap.com.br/perolladotapajos/produto/3488631"
"3488631","FZ3488631","Brinco Abelha Com Madre Pérola","Brinco","28,00","Brincos","Abelha com madre pérola.","1","True","False","/imgs/perolla/3488631-1.webp","nao","nao","nao","https://facilzap.com.br/perolladotapajos/produto/3488631"
"3488630","FZ3488630","Brinco Coração Madre Pérola","Brinco","25,00","Brincos","Coração madre pérola","1","True","False","/imgs/perolla/3488630-1.webp","nao","nao","nao","https://facilzap.com.br/perolladotapajos/produto/3488630"
"3488630","FZ3488630","Brinco Coração Madre Pérola","Brinco","25,00","Brincos","Coração madre pérola","1","True","False","/imgs/perolla/3488630-1.webp","nao","nao","nao","https://facilzap.com.br/perolladotapajos/produto/3488630"
"3488630","FZ3488630","Brinco Coração Madre Pérola","Brinco","25,00","Brincos","Coração madre pérola","1","True","False","/imgs/perolla/3488630-1.webp","nao","nao","nao","https://facilzap.com.br/perolladotapajos/produto/3488630"
"3488630","FZ3488630","Brinco Coração Madre Pérola","Brinco","25,00","Brincos","Coração madre pérola","1","True","False","/imgs/perolla/3488630-1.webp","nao","nao","nao","https://facilzap.com.br/perolladotapajos/produto/3488630"
"3488630","FZ3488630","Brinco Coração Madre Pérola","Brinco","25,00","Brincos","Coração madre pérola","1","True","False","/imgs/perolla/3488630-1.webp","nao","nao","nao","https://facilzap.com.br/perolladotapajos/produto/3488630"
"3488629","FZ3488629","Brinco Pérola","Brinco","30,00","Brincos","Pérola","1","True","False","/imgs/perolla/3488629-1.webp","nao","nao","nao","https://facilzap.com.br/perolladotapajos/produto/3488629"
"3488629","FZ3488629","Brinco Pérola","Brinco","30,00","Brincos","Pérola","1","True","False","/imgs/perolla/3488629-1.webp","nao","nao","nao","https://facilzap.com.br/perolladotapajos/produto/3488629"
"3488629","FZ3488629","Brinco Pérola","Brinco","30,00","Brincos","Pérola","1","True","False","/imgs/perolla/3488629-1.webp","nao","nao","nao","https://facilzap.com.br/perolladotapajos/produto/3488629"
"3488629","FZ3488629","Brinco Pérola","Brinco","30,00","Brincos","Pérola","1","True","False","/imgs/perolla/3488629-1.webp","nao","nao","nao","https://facilzap.com.br/perolladotapajos/produto/3488629"
"3488629","FZ3488629","Brinco Pérola","Brinco","30,00","Brincos","Pérola","1","True","False","/imgs/perolla/3488629-1.webp","nao","nao","nao","https://facilzap.com.br/perolladotapajos/produto/3488629"
"3488628","FZ3488628","Brinco","Brinco","30,00","Brincos","","1","True","False","/imgs/perolla/3488628-1.webp","nao","nao","nao","https://facilzap.com.br/perolladotapajos/produto/3488628"
"3488628","FZ3488628","Brinco","Brinco","30,00","Brincos","","1","True","False","/imgs/perolla/3488628-1.webp","nao","nao","nao","https://facilzap.com.br/perolladotapajos/produto/3488628"
"3488628","FZ3488628","Brinco","Brinco","30,00","Brincos","","1","True","False","/imgs/perolla/3488628-1.webp","nao","nao","nao","https://facilzap.com.br/perolladotapajos/produto/3488628"
"3488628","FZ3488628","Brinco","Brinco","30,00","Brincos","","1","True","False","/imgs/perolla/3488628-1.webp","nao","nao","nao","https://facilzap.com.br/perolladotapajos/produto/3488628"
"3488628","FZ3488628","Brinco","Brinco","30,00","Brincos","","1","True","False","/imgs/perolla/3488628-1.webp","nao","nao","nao","https://facilzap.com.br/perolladotapajos/produto/3488628"
"3487093","FZ3487093","Pulseira Cravejado Borboleta","Pulseiras","70,00","Pulseiras","Cravejado borboleta","0","False","False","/imgs/perolla/3487093-1.webp","nao","nao","nao","https://facilzap.com.br/perolladotapajos/produto/3487093"
"3487093","FZ3487093","Pulseira Cravejado Borboleta","Pulseiras","70,00","Pulseiras","Cravejado borboleta","0","False","False","/imgs/perolla/3487093-1.webp","nao","nao","nao","https://facilzap.com.br/perolladotapajos/produto/3487093"
"3487093","FZ3487093","Pulseira Cravejado Borboleta","Pulseiras","70,00","Pulseiras","Cravejado borboleta","0","False","False","/imgs/perolla/3487093-1.webp","nao","nao","nao","https://facilzap.com.br/perolladotapajos/produto/3487093"
"3487093","FZ3487093","Pulseira Cravejado Borboleta","Pulseiras","70,00","Pulseiras","Cravejado borboleta","0","False","False","/imgs/perolla/3487093-1.webp","nao","nao","nao","https://facilzap.com.br/perolladotapajos/produto/3487093"
"3487093","FZ3487093","Pulseira Cravejado Borboleta","Pulseiras","70,00","Pulseiras","Cravejado borboleta","0","False","False","/imgs/perolla/3487093-1.webp","nao","nao","nao","https://facilzap.com.br/perolladotapajos/produto/3487093"
"3487092","FZ3487092","Pulseira Inspiração Alta Joalheria Van","Pulseiras","70,00","Pulseiras","Inspiração alta joalheria van clef","0","False","False","/imgs/perolla/3487092-1.webp","nao","nao","nao","https://facilzap.com.br/perolladotapajos/produto/3487092"
"3487092","FZ3487092","Pulseira Inspiração Alta Joalheria Van","Pulseiras","70,00","Pulseiras","Inspiração alta joalheria van clef","0","False","False","/imgs/perolla/3487092-1.webp","nao","nao","nao","https://facilzap.com.br/perolladotapajos/produto/3487092"
"3487092","FZ3487092","Pulseira Inspiração Alta Joalheria Van","Pulseiras","70,00","Pulseiras","Inspiração alta joalheria van clef","0","False","False","/imgs/perolla/3487092-1.webp","nao","nao","nao","https://facilzap.com.br/perolladotapajos/produto/3487092"
"3487092","FZ3487092","Pulseira Inspiração Alta Joalheria Van","Pulseiras","70,00","Pulseiras","Inspiração alta joalheria van clef","0","False","False","/imgs/perolla/3487092-1.webp","nao","nao","nao","https://facilzap.com.br/perolladotapajos/produto/3487092"
"3487092","FZ3487092","Pulseira Inspiração Alta Joalheria Van","Pulseiras","70,00","Pulseiras","Inspiração alta joalheria van clef","0","False","False","/imgs/perolla/3487092-1.webp","nao","nao","nao","https://facilzap.com.br/perolladotapajos/produto/3487092"
"3486896","FZ3486896","Bracelete Prego. Aço Inoxidável","Bracelete","80,00","Braceletes","Prego. Aço inoxidável","1","True","False","/imgs/perolla/3486896-1.webp","sim","nao","nao","https://facilzap.com.br/perolladotapajos/produto/3486896"
"3486896","FZ3486896","Bracelete Prego. Aço Inoxidável","Bracelete","80,00","Braceletes","Prego. Aço inoxidável","1","True","False","/imgs/perolla/3486896-1.webp","sim","nao","nao","https://facilzap.com.br/perolladotapajos/produto/3486896"
"3486896","FZ3486896","Bracelete Prego. Aço Inoxidável","Bracelete","80,00","Braceletes","Prego. Aço inoxidável","1","True","False","/imgs/perolla/3486896-1.webp","sim","nao","nao","https://facilzap.com.br/perolladotapajos/produto/3486896"
"3486896","FZ3486896","Bracelete Prego. Aço Inoxidável","Bracelete","80,00","Braceletes","Prego. Aço inoxidável","1","True","False","/imgs/perolla/3486896-1.webp","sim","nao","nao","https://facilzap.com.br/perolladotapajos/produto/3486896"
"3486896","FZ3486896","Bracelete Prego. Aço Inoxidável","Bracelete","80,00","Braceletes","Prego. Aço inoxidável","1","True","False","/imgs/perolla/3486896-1.webp","sim","nao","nao","https://facilzap.com.br/perolladotapajos/produto/3486896"
"3486895","FZ3486895","Bracelete Cravejado Colorido","Bracelete","80,00","Braceletes","Cravejado colorido","1","True","False","/imgs/perolla/3486895-1.webp","nao","nao","nao","https://facilzap.com.br/perolladotapajos/produto/3486895"
"3486895","FZ3486895","Bracelete Cravejado Colorido","Bracelete","80,00","Braceletes","Cravejado colorido","1","True","False","/imgs/perolla/3486895-1.webp","nao","nao","nao","https://facilzap.com.br/perolladotapajos/produto/3486895"
"3486895","FZ3486895","Bracelete Cravejado Colorido","Bracelete","80,00","Braceletes","Cravejado colorido","1","True","False","/imgs/perolla/3486895-1.webp","nao","nao","nao","https://facilzap.com.br/perolladotapajos/produto/3486895"
"3486895","FZ3486895","Bracelete Cravejado Colorido","Bracelete","80,00","Braceletes","Cravejado colorido","1","True","False","/imgs/perolla/3486895-1.webp","nao","nao","nao","https://facilzap.com.br/perolladotapajos/produto/3486895"
"3486895","FZ3486895","Bracelete Cravejado Colorido","Bracelete","80,00","Braceletes","Cravejado colorido","1","True","False","/imgs/perolla/3486895-1.webp","nao","nao","nao","https://facilzap.com.br/perolladotapajos/produto/3486895"
"3486894","FZ3486894","Bracelete Onça Cravejada","Bracelete","70,00","Braceletes","Onça cravejada","1","True","False","/imgs/perolla/3486894-1.webp","nao","nao","nao","https://facilzap.com.br/perolladotapajos/produto/3486894"
"3486894","FZ3486894","Bracelete Onça Cravejada","Bracelete","70,00","Braceletes","Onça cravejada","1","True","False","/imgs/perolla/3486894-1.webp","nao","nao","nao","https://facilzap.com.br/perolladotapajos/produto/3486894"
"3486894","FZ3486894","Bracelete Onça Cravejada","Bracelete","70,00","Braceletes","Onça cravejada","1","True","False","/imgs/perolla/3486894-1.webp","nao","nao","nao","https://facilzap.com.br/perolladotapajos/produto/3486894"
"3486894","FZ3486894","Bracelete Onça Cravejada","Bracelete","70,00","Braceletes","Onça cravejada","1","True","False","/imgs/perolla/3486894-1.webp","nao","nao","nao","https://facilzap.com.br/perolladotapajos/produto/3486894"
"3486894","FZ3486894","Bracelete Onça Cravejada","Bracelete","70,00","Braceletes","Onça cravejada","1","True","False","/imgs/perolla/3486894-1.webp","nao","nao","nao","https://facilzap.com.br/perolladotapajos/produto/3486894"
"3486893","FZ3486893","Bracelete","Bracelete","45,00","Braceletes","","1","True","False","/imgs/perolla/3486893-1.webp","nao","nao","nao","https://facilzap.com.br/perolladotapajos/produto/3486893"
"3486893","FZ3486893","Bracelete","Bracelete","45,00","Braceletes","","1","True","False","/imgs/perolla/3486893-1.webp","nao","nao","nao","https://facilzap.com.br/perolladotapajos/produto/3486893"
"3486893","FZ3486893","Bracelete","Bracelete","45,00","Braceletes","","1","True","False","/imgs/perolla/3486893-1.webp","nao","nao","nao","https://facilzap.com.br/perolladotapajos/produto/3486893"
"3486893","FZ3486893","Bracelete","Bracelete","45,00","Braceletes","","1","True","False","/imgs/perolla/3486893-1.webp","nao","nao","nao","https://facilzap.com.br/perolladotapajos/produto/3486893"
"3486893","FZ3486893","Bracelete","Bracelete","45,00","Braceletes","","1","True","False","/imgs/perolla/3486893-1.webp","nao","nao","nao","https://facilzap.com.br/perolladotapajos/produto/3486893"
"3486892","FZ3486892","Bracelete","Bracelete","45,00","Braceletes","","1","True","False","/imgs/perolla/3486892-1.webp","nao","nao","nao","https://facilzap.com.br/perolladotapajos/produto/3486892"
"3486892","FZ3486892","Bracelete","Bracelete","45,00","Braceletes","","1","True","False","/imgs/perolla/3486892-1.webp","nao","nao","nao","https://facilzap.com.br/perolladotapajos/produto/3486892"
"3486892","FZ3486892","Bracelete","Bracelete","45,00","Braceletes","","1","True","False","/imgs/perolla/3486892-1.webp","nao","nao","nao","https://facilzap.com.br/perolladotapajos/produto/3486892"
"3486892","FZ3486892","Bracelete","Bracelete","45,00","Braceletes","","1","True","False","/imgs/perolla/3486892-1.webp","nao","nao","nao","https://facilzap.com.br/perolladotapajos/produto/3486892"
"3486892","FZ3486892","Bracelete","Bracelete","45,00","Braceletes","","1","True","False","/imgs/perolla/3486892-1.webp","nao","nao","nao","https://facilzap.com.br/perolladotapajos/produto/3486892"
"3486891","FZ3486891","Bracelete","Bracelete","50,00","Braceletes","","1","True","False","/imgs/perolla/3486891-1.webp","nao","nao","nao","https://facilzap.com.br/perolladotapajos/produto/3486891"
"3486891","FZ3486891","Bracelete","Bracelete","50,00","Braceletes","","1","True","False","/imgs/perolla/3486891-1.webp","nao","nao","nao","https://facilzap.com.br/perolladotapajos/produto/3486891"
"3486891","FZ3486891","Bracelete","Bracelete","50,00","Braceletes","","1","True","False","/imgs/perolla/3486891-1.webp","nao","nao","nao","https://facilzap.com.br/perolladotapajos/produto/3486891"
"3486891","FZ3486891","Bracelete","Bracelete","50,00","Braceletes","","1","True","False","/imgs/perolla/3486891-1.webp","nao","nao","nao","https://facilzap.com.br/perolladotapajos/produto/3486891"
"3486891","FZ3486891","Bracelete","Bracelete","50,00","Braceletes","","1","True","False","/imgs/perolla/3486891-1.webp","nao","nao","nao","https://facilzap.com.br/perolladotapajos/produto/3486891"
"3486839","FZ3486839","Bracelete Onda Dourada","Bracelete","45,00","Braceletes","Onda dourada","1","True","False","/imgs/perolla/3486839-1.webp","nao","nao","nao","https://facilzap.com.br/perolladotapajos/produto/3486839"
"3486839","FZ3486839","Bracelete Onda Dourada","Bracelete","45,00","Braceletes","Onda dourada","1","True","False","/imgs/perolla/3486839-1.webp","nao","nao","nao","https://facilzap.com.br/perolladotapajos/produto/3486839"
"3486839","FZ3486839","Bracelete Onda Dourada","Bracelete","45,00","Braceletes","Onda dourada","1","True","False","/imgs/perolla/3486839-1.webp","nao","nao","nao","https://facilzap.com.br/perolladotapajos/produto/3486839"
"3486839","FZ3486839","Bracelete Onda Dourada","Bracelete","45,00","Braceletes","Onda dourada","1","True","False","/imgs/perolla/3486839-1.webp","nao","nao","nao","https://facilzap.com.br/perolladotapajos/produto/3486839"
"3486839","FZ3486839","Bracelete Onda Dourada","Bracelete","45,00","Braceletes","Onda dourada","1","True","False","/imgs/perolla/3486839-1.webp","nao","nao","nao","https://facilzap.com.br/perolladotapajos/produto/3486839"
"3486838","FZ3486838","Bracelete Bracelete Com Mistura De","Braceletes","50,00","Braceletes","Bracelete com mistura de banho dourado e prata","1","True","False","/imgs/perolla/3486838-1.webp","nao","nao","nao","https://facilzap.com.br/perolladotapajos/produto/3486838"
"3486838","FZ3486838","Bracelete Bracelete Com Mistura De","Braceletes","50,00","Braceletes","Bracelete com mistura de banho dourado e prata","1","True","False","/imgs/perolla/3486838-1.webp","nao","nao","nao","https://facilzap.com.br/perolladotapajos/produto/3486838"
"3486838","FZ3486838","Bracelete Bracelete Com Mistura De","Braceletes","50,00","Braceletes","Bracelete com mistura de banho dourado e prata","1","True","False","/imgs/perolla/3486838-1.webp","nao","nao","nao","https://facilzap.com.br/perolladotapajos/produto/3486838"
"3486838","FZ3486838","Bracelete Bracelete Com Mistura De","Braceletes","50,00","Braceletes","Bracelete com mistura de banho dourado e prata","1","True","False","/imgs/perolla/3486838-1.webp","nao","nao","nao","https://facilzap.com.br/perolladotapajos/produto/3486838"
"3486838","FZ3486838","Bracelete Bracelete Com Mistura De","Braceletes","50,00","Braceletes","Bracelete com mistura de banho dourado e prata","1","True","False","/imgs/perolla/3486838-1.webp","nao","nao","nao","https://facilzap.com.br/perolladotapajos/produto/3486838"
"3486836","FZ3486836","Bracelete Argola","Bracelete","50,00","Braceletes","Argola","1","True","False","/imgs/perolla/3486836-1.webp","nao","nao","nao","https://facilzap.com.br/perolladotapajos/produto/3486836"
"3486836","FZ3486836","Bracelete Argola","Bracelete","50,00","Braceletes","Argola","1","True","False","/imgs/perolla/3486836-1.webp","nao","nao","nao","https://facilzap.com.br/perolladotapajos/produto/3486836"
"3486836","FZ3486836","Bracelete Argola","Bracelete","50,00","Braceletes","Argola","1","True","False","/imgs/perolla/3486836-1.webp","nao","nao","nao","https://facilzap.com.br/perolladotapajos/produto/3486836"
"3486836","FZ3486836","Bracelete Argola","Bracelete","50,00","Braceletes","Argola","1","True","False","/imgs/perolla/3486836-1.webp","nao","nao","nao","https://facilzap.com.br/perolladotapajos/produto/3486836"
"3486836","FZ3486836","Bracelete Argola","Bracelete","50,00","Braceletes","Argola","1","True","False","/imgs/perolla/3486836-1.webp","nao","nao","nao","https://facilzap.com.br/perolladotapajos/produto/3486836"
"3486835","FZ3486835","Bracelete Bolinha","Braceletes","60,00","Braceletes","Bolinha","1","True","False","/imgs/perolla/3486835-1.webp","nao","nao","nao","https://facilzap.com.br/perolladotapajos/produto/3486835"
"3486835","FZ3486835","Bracelete Bolinha","Braceletes","60,00","Braceletes","Bolinha","1","True","False","/imgs/perolla/3486835-1.webp","nao","nao","nao","https://facilzap.com.br/perolladotapajos/produto/3486835"
"3486835","FZ3486835","Bracelete Bolinha","Braceletes","60,00","Braceletes","Bolinha","1","True","False","/imgs/perolla/3486835-1.webp","nao","nao","nao","https://facilzap.com.br/perolladotapajos/produto/3486835"
"3486835","FZ3486835","Bracelete Bolinha","Braceletes","60,00","Braceletes","Bolinha","1","True","False","/imgs/perolla/3486835-1.webp","nao","nao","nao","https://facilzap.com.br/perolladotapajos/produto/3486835"
"3486835","FZ3486835","Bracelete Bolinha","Braceletes","60,00","Braceletes","Bolinha","1","True","False","/imgs/perolla/3486835-1.webp","nao","nao","nao","https://facilzap.com.br/perolladotapajos/produto/3486835"
"3486834","FZ3486834","Bracelete Pérola","Bracelete","30,00","Braceletes","Pérola","1","True","False","/imgs/perolla/3486834-1.webp","nao","nao","nao","https://facilzap.com.br/perolladotapajos/produto/3486834"
"3486834","FZ3486834","Bracelete Pérola","Bracelete","30,00","Braceletes","Pérola","1","True","False","/imgs/perolla/3486834-1.webp","nao","nao","nao","https://facilzap.com.br/perolladotapajos/produto/3486834"
"3486834","FZ3486834","Bracelete Pérola","Bracelete","30,00","Braceletes","Pérola","1","True","False","/imgs/perolla/3486834-1.webp","nao","nao","nao","https://facilzap.com.br/perolladotapajos/produto/3486834"
"3486834","FZ3486834","Bracelete Pérola","Bracelete","30,00","Braceletes","Pérola","1","True","False","/imgs/perolla/3486834-1.webp","nao","nao","nao","https://facilzap.com.br/perolladotapajos/produto/3486834"
"3486834","FZ3486834","Bracelete Pérola","Bracelete","30,00","Braceletes","Pérola","1","True","False","/imgs/perolla/3486834-1.webp","nao","nao","nao","https://facilzap.com.br/perolladotapajos/produto/3486834"
"3486833","FZ3486833","Bracelete Pérolas","Bracelete","35,00","Braceletes","Pérolas.","1","True","False","/imgs/perolla/3486833-1.webp","nao","nao","nao","https://facilzap.com.br/perolladotapajos/produto/3486833"
"3486833","FZ3486833","Bracelete Pérolas","Bracelete","35,00","Braceletes","Pérolas.","1","True","False","/imgs/perolla/3486833-1.webp","nao","nao","nao","https://facilzap.com.br/perolladotapajos/produto/3486833"
"3486833","FZ3486833","Bracelete Pérolas","Bracelete","35,00","Braceletes","Pérolas.","1","True","False","/imgs/perolla/3486833-1.webp","nao","nao","nao","https://facilzap.com.br/perolladotapajos/produto/3486833"
"3486833","FZ3486833","Bracelete Pérolas","Bracelete","35,00","Braceletes","Pérolas.","1","True","False","/imgs/perolla/3486833-1.webp","nao","nao","nao","https://facilzap.com.br/perolladotapajos/produto/3486833"
"3486833","FZ3486833","Bracelete Pérolas","Bracelete","35,00","Braceletes","Pérolas.","1","True","False","/imgs/perolla/3486833-1.webp","nao","nao","nao","https://facilzap.com.br/perolladotapajos/produto/3486833"
"3486831","FZ3486831","Bracelete Inspiração Alta Joalheria","Bracelete","90,00","Braceletes","Inspiração Alta joalheria","1","True","False","/imgs/perolla/3486831-1.webp","nao","nao","nao","https://facilzap.com.br/perolladotapajos/produto/3486831"
"3486831","FZ3486831","Bracelete Inspiração Alta Joalheria","Bracelete","90,00","Braceletes","Inspiração Alta joalheria","1","True","False","/imgs/perolla/3486831-1.webp","nao","nao","nao","https://facilzap.com.br/perolladotapajos/produto/3486831"
"3486831","FZ3486831","Bracelete Inspiração Alta Joalheria","Bracelete","90,00","Braceletes","Inspiração Alta joalheria","1","True","False","/imgs/perolla/3486831-1.webp","nao","nao","nao","https://facilzap.com.br/perolladotapajos/produto/3486831"
"3486831","FZ3486831","Bracelete Inspiração Alta Joalheria","Bracelete","90,00","Braceletes","Inspiração Alta joalheria","1","True","False","/imgs/perolla/3486831-1.webp","nao","nao","nao","https://facilzap.com.br/perolladotapajos/produto/3486831"
"3486831","FZ3486831","Bracelete Inspiração Alta Joalheria","Bracelete","90,00","Braceletes","Inspiração Alta joalheria","1","True","False","/imgs/perolla/3486831-1.webp","nao","nao","nao","https://facilzap.com.br/perolladotapajos/produto/3486831"
"3486830","FZ3486830","Bracelete Bracelete Borboleta","Braceletes","90,00","Braceletes","Bracelete borboleta","1","True","False","/imgs/perolla/3486830-1.webp","nao","nao","nao","https://facilzap.com.br/perolladotapajos/produto/3486830"
"3486830","FZ3486830","Bracelete Bracelete Borboleta","Braceletes","90,00","Braceletes","Bracelete borboleta","1","True","False","/imgs/perolla/3486830-1.webp","nao","nao","nao","https://facilzap.com.br/perolladotapajos/produto/3486830"
"3486830","FZ3486830","Bracelete Bracelete Borboleta","Braceletes","90,00","Braceletes","Bracelete borboleta","1","True","False","/imgs/perolla/3486830-1.webp","nao","nao","nao","https://facilzap.com.br/perolladotapajos/produto/3486830"
"3486830","FZ3486830","Bracelete Bracelete Borboleta","Braceletes","90,00","Braceletes","Bracelete borboleta","1","True","False","/imgs/perolla/3486830-1.webp","nao","nao","nao","https://facilzap.com.br/perolladotapajos/produto/3486830"
"3486830","FZ3486830","Bracelete Bracelete Borboleta","Braceletes","90,00","Braceletes","Bracelete borboleta","1","True","False","/imgs/perolla/3486830-1.webp","nao","nao","nao","https://facilzap.com.br/perolladotapajos/produto/3486830"
"3486829","FZ3486829","Bracelete","Bracelete","80,00","Braceletes","","1","True","False","/imgs/perolla/3486829-1.webp","nao","nao","nao","https://facilzap.com.br/perolladotapajos/produto/3486829"
"3486829","FZ3486829","Bracelete","Bracelete","80,00","Braceletes","","1","True","False","/imgs/perolla/3486829-1.webp","nao","nao","nao","https://facilzap.com.br/perolladotapajos/produto/3486829"
"3486829","FZ3486829","Bracelete","Bracelete","80,00","Braceletes","","1","True","False","/imgs/perolla/3486829-1.webp","nao","nao","nao","https://facilzap.com.br/perolladotapajos/produto/3486829"
"3486829","FZ3486829","Bracelete","Bracelete","80,00","Braceletes","","1","True","False","/imgs/perolla/3486829-1.webp","nao","nao","nao","https://facilzap.com.br/perolladotapajos/produto/3486829"
"3486829","FZ3486829","Bracelete","Bracelete","80,00","Braceletes","","1","True","False","/imgs/perolla/3486829-1.webp","nao","nao","nao","https://facilzap.com.br/perolladotapajos/produto/3486829"
"3486828","FZ3486828","Bracelete Cristal E Preto","Bracelete","80,00","Braceletes","Cristal e preto","1","True","False","/imgs/perolla/3486828-1.webp","nao","nao","nao","https://facilzap.com.br/perolladotapajos/produto/3486828"
"3486828","FZ3486828","Bracelete Cristal E Preto","Bracelete","80,00","Braceletes","Cristal e preto","1","True","False","/imgs/perolla/3486828-1.webp","nao","nao","nao","https://facilzap.com.br/perolladotapajos/produto/3486828"
"3486828","FZ3486828","Bracelete Cristal E Preto","Bracelete","80,00","Braceletes","Cristal e preto","1","True","False","/imgs/perolla/3486828-1.webp","nao","nao","nao","https://facilzap.com.br/perolladotapajos/produto/3486828"
"3486828","FZ3486828","Bracelete Cristal E Preto","Bracelete","80,00","Braceletes","Cristal e preto","1","True","False","/imgs/perolla/3486828-1.webp","nao","nao","nao","https://facilzap.com.br/perolladotapajos/produto/3486828"
"3486828","FZ3486828","Bracelete Cristal E Preto","Bracelete","80,00","Braceletes","Cristal e preto","1","True","False","/imgs/perolla/3486828-1.webp","nao","nao","nao","https://facilzap.com.br/perolladotapajos/produto/3486828"
"3486827","FZ3486827","Bracelete","Brancelete","70,00","Braceletes","","1","True","False","/imgs/perolla/3486827-1.webp","nao","nao","nao","https://facilzap.com.br/perolladotapajos/produto/3486827"
"3486827","FZ3486827","Bracelete","Brancelete","70,00","Braceletes","","1","True","False","/imgs/perolla/3486827-1.webp","nao","nao","nao","https://facilzap.com.br/perolladotapajos/produto/3486827"
"3486827","FZ3486827","Bracelete","Brancelete","70,00","Braceletes","","1","True","False","/imgs/perolla/3486827-1.webp","nao","nao","nao","https://facilzap.com.br/perolladotapajos/produto/3486827"
"3486827","FZ3486827","Bracelete","Brancelete","70,00","Braceletes","","1","True","False","/imgs/perolla/3486827-1.webp","nao","nao","nao","https://facilzap.com.br/perolladotapajos/produto/3486827"
"3486827","FZ3486827","Bracelete","Brancelete","70,00","Braceletes","","1","True","False","/imgs/perolla/3486827-1.webp","nao","nao","nao","https://facilzap.com.br/perolladotapajos/produto/3486827"
"3486826","FZ3486826","Bracelete","Bracelete","70,00","Braceletes","","1","True","False","/imgs/perolla/3486826-1.webp","nao","nao","nao","https://facilzap.com.br/perolladotapajos/produto/3486826"
"3486826","FZ3486826","Bracelete","Bracelete","70,00","Braceletes","","1","True","False","/imgs/perolla/3486826-1.webp","nao","nao","nao","https://facilzap.com.br/perolladotapajos/produto/3486826"
"3486826","FZ3486826","Bracelete","Bracelete","70,00","Braceletes","","1","True","False","/imgs/perolla/3486826-1.webp","nao","nao","nao","https://facilzap.com.br/perolladotapajos/produto/3486826"
"3486826","FZ3486826","Bracelete","Bracelete","70,00","Braceletes","","1","True","False","/imgs/perolla/3486826-1.webp","nao","nao","nao","https://facilzap.com.br/perolladotapajos/produto/3486826"
"3486826","FZ3486826","Bracelete","Bracelete","70,00","Braceletes","","1","True","False","/imgs/perolla/3486826-1.webp","nao","nao","nao","https://facilzap.com.br/perolladotapajos/produto/3486826"
"3486825","FZ3486825","Bracelete Cravejado","Bracelete","60,00","Braceletes","Cravejado","1","True","False","/imgs/perolla/3486825-1.webp","nao","nao","nao","https://facilzap.com.br/perolladotapajos/produto/3486825"
"3486825","FZ3486825","Bracelete Cravejado","Bracelete","60,00","Braceletes","Cravejado","1","True","False","/imgs/perolla/3486825-1.webp","nao","nao","nao","https://facilzap.com.br/perolladotapajos/produto/3486825"
"3486825","FZ3486825","Bracelete Cravejado","Bracelete","60,00","Braceletes","Cravejado","1","True","False","/imgs/perolla/3486825-1.webp","nao","nao","nao","https://facilzap.com.br/perolladotapajos/produto/3486825"
"3486825","FZ3486825","Bracelete Cravejado","Bracelete","60,00","Braceletes","Cravejado","1","True","False","/imgs/perolla/3486825-1.webp","nao","nao","nao","https://facilzap.com.br/perolladotapajos/produto/3486825"
"3486825","FZ3486825","Bracelete Cravejado","Bracelete","60,00","Braceletes","Cravejado","1","True","False","/imgs/perolla/3486825-1.webp","nao","nao","nao","https://facilzap.com.br/perolladotapajos/produto/3486825"
"3486824","FZ3486824","Bracelete","Bracelete","35,00","Braceletes","","1","True","False","/imgs/perolla/3486824-1.webp","nao","nao","nao","https://facilzap.com.br/perolladotapajos/produto/3486824"
"3486824","FZ3486824","Bracelete","Bracelete","35,00","Braceletes","","1","True","False","/imgs/perolla/3486824-1.webp","nao","nao","nao","https://facilzap.com.br/perolladotapajos/produto/3486824"
"3486824","FZ3486824","Bracelete","Bracelete","35,00","Braceletes","","1","True","False","/imgs/perolla/3486824-1.webp","nao","nao","nao","https://facilzap.com.br/perolladotapajos/produto/3486824"
"3486824","FZ3486824","Bracelete","Bracelete","35,00","Braceletes","","1","True","False","/imgs/perolla/3486824-1.webp","nao","nao","nao","https://facilzap.com.br/perolladotapajos/produto/3486824"
"3486824","FZ3486824","Bracelete","Bracelete","35,00","Braceletes","","1","True","False","/imgs/perolla/3486824-1.webp","nao","nao","nao","https://facilzap.com.br/perolladotapajos/produto/3486824"
"3486823","FZ3486823","Bracelete Urso Cravejado","Bracelete","60,00","Braceletes","Urso cravejado","1","True","False","/imgs/perolla/3486823-1.webp","nao","nao","nao","https://facilzap.com.br/perolladotapajos/produto/3486823"
"3486823","FZ3486823","Bracelete Urso Cravejado","Bracelete","60,00","Braceletes","Urso cravejado","1","True","False","/imgs/perolla/3486823-1.webp","nao","nao","nao","https://facilzap.com.br/perolladotapajos/produto/3486823"
"3486823","FZ3486823","Bracelete Urso Cravejado","Bracelete","60,00","Braceletes","Urso cravejado","1","True","False","/imgs/perolla/3486823-1.webp","nao","nao","nao","https://facilzap.com.br/perolladotapajos/produto/3486823"
"3486823","FZ3486823","Bracelete Urso Cravejado","Bracelete","60,00","Braceletes","Urso cravejado","1","True","False","/imgs/perolla/3486823-1.webp","nao","nao","nao","https://facilzap.com.br/perolladotapajos/produto/3486823"
"3486823","FZ3486823","Bracelete Urso Cravejado","Bracelete","60,00","Braceletes","Urso cravejado","1","True","False","/imgs/perolla/3486823-1.webp","nao","nao","nao","https://facilzap.com.br/perolladotapajos/produto/3486823"
"3486822","FZ3486822","Bracelete","Bracelete","80,00","Braceletes","","1","True","False","/imgs/perolla/3486822-1.webp","nao","nao","nao","https://facilzap.com.br/perolladotapajos/produto/3486822"
"3486822","FZ3486822","Bracelete","Bracelete","80,00","Braceletes","","1","True","False","/imgs/perolla/3486822-1.webp","nao","nao","nao","https://facilzap.com.br/perolladotapajos/produto/3486822"
"3486822","FZ3486822","Bracelete","Bracelete","80,00","Braceletes","","1","True","False","/imgs/perolla/3486822-1.webp","nao","nao","nao","https://facilzap.com.br/perolladotapajos/produto/3486822"
"3486822","FZ3486822","Bracelete","Bracelete","80,00","Braceletes","","1","True","False","/imgs/perolla/3486822-1.webp","nao","nao","nao","https://facilzap.com.br/perolladotapajos/produto/3486822"
"3486822","FZ3486822","Bracelete","Bracelete","80,00","Braceletes","","1","True","False","/imgs/perolla/3486822-1.webp","nao","nao","nao","https://facilzap.com.br/perolladotapajos/produto/3486822"
"3486820","FZ3486820","Bracelete Colorido","Bracelete","90,00","Braceletes","Colorido","1","True","False","/imgs/perolla/3486820-1.webp","nao","nao","nao","https://facilzap.com.br/perolladotapajos/produto/3486820"
"3486820","FZ3486820","Bracelete Colorido","Bracelete","90,00","Braceletes","Colorido","1","True","False","/imgs/perolla/3486820-1.webp","nao","nao","nao","https://facilzap.com.br/perolladotapajos/produto/3486820"
"3486820","FZ3486820","Bracelete Colorido","Bracelete","90,00","Braceletes","Colorido","1","True","False","/imgs/perolla/3486820-1.webp","nao","nao","nao","https://facilzap.com.br/perolladotapajos/produto/3486820"
"3486820","FZ3486820","Bracelete Colorido","Bracelete","90,00","Braceletes","Colorido","1","True","False","/imgs/perolla/3486820-1.webp","nao","nao","nao","https://facilzap.com.br/perolladotapajos/produto/3486820"
"3486820","FZ3486820","Bracelete Colorido","Bracelete","90,00","Braceletes","Colorido","1","True","False","/imgs/perolla/3486820-1.webp","nao","nao","nao","https://facilzap.com.br/perolladotapajos/produto/3486820"
"3486615","FZ3486615","Pulseira Elo Português Na Semijoia","Pulseira","95,00","Pulseiras","Elo português na semijoia","1","True","False","/imgs/perolla/3486615-1.webp","nao","nao","nao","https://facilzap.com.br/perolladotapajos/produto/3486615"
"3486615","FZ3486615","Pulseira Elo Português Na Semijoia","Pulseira","95,00","Pulseiras","Elo português na semijoia","1","True","False","/imgs/perolla/3486615-1.webp","nao","nao","nao","https://facilzap.com.br/perolladotapajos/produto/3486615"
"3486615","FZ3486615","Pulseira Elo Português Na Semijoia","Pulseira","95,00","Pulseiras","Elo português na semijoia","1","True","False","/imgs/perolla/3486615-1.webp","nao","nao","nao","https://facilzap.com.br/perolladotapajos/produto/3486615"
"3486615","FZ3486615","Pulseira Elo Português Na Semijoia","Pulseira","95,00","Pulseiras","Elo português na semijoia","1","True","False","/imgs/perolla/3486615-1.webp","nao","nao","nao","https://facilzap.com.br/perolladotapajos/produto/3486615"
"3486615","FZ3486615","Pulseira Elo Português Na Semijoia","Pulseira","95,00","Pulseiras","Elo português na semijoia","1","True","False","/imgs/perolla/3486615-1.webp","nao","nao","nao","https://facilzap.com.br/perolladotapajos/produto/3486615"
"3486614","FZ3486614","Pulseira Pulseira Na Semijoias Com","Pulseira","110,00","Pulseiras","Pulseira na semijoias com pingentes","1","True","False","/imgs/perolla/3486614-1.webp","nao","nao","nao","https://facilzap.com.br/perolladotapajos/produto/3486614"
"3486614","FZ3486614","Pulseira Pulseira Na Semijoias Com","Pulseira","110,00","Pulseiras","Pulseira na semijoias com pingentes","1","True","False","/imgs/perolla/3486614-1.webp","nao","nao","nao","https://facilzap.com.br/perolladotapajos/produto/3486614"
"3486614","FZ3486614","Pulseira Pulseira Na Semijoias Com","Pulseira","110,00","Pulseiras","Pulseira na semijoias com pingentes","1","True","False","/imgs/perolla/3486614-1.webp","nao","nao","nao","https://facilzap.com.br/perolladotapajos/produto/3486614"
"3486614","FZ3486614","Pulseira Pulseira Na Semijoias Com","Pulseira","110,00","Pulseiras","Pulseira na semijoias com pingentes","1","True","False","/imgs/perolla/3486614-1.webp","nao","nao","nao","https://facilzap.com.br/perolladotapajos/produto/3486614"
"3486614","FZ3486614","Pulseira Pulseira Na Semijoias Com","Pulseira","110,00","Pulseiras","Pulseira na semijoias com pingentes","1","True","False","/imgs/perolla/3486614-1.webp","nao","nao","nao","https://facilzap.com.br/perolladotapajos/produto/3486614"
"3486536","FZ3486536","Cravejada Cristal Menor","Cravejada","100,00","Choker","Cristal menor","1","True","False","/imgs/perolla/3486536-1.webp","nao","nao","nao","https://facilzap.com.br/perolladotapajos/produto/3486536"
"3486536","FZ3486536","Cravejada Cristal Menor","Cravejada","100,00","Choker","Cristal menor","1","True","False","/imgs/perolla/3486536-1.webp","nao","nao","nao","https://facilzap.com.br/perolladotapajos/produto/3486536"
"3486536","FZ3486536","Cravejada Cristal Menor","Cravejada","100,00","Choker","Cristal menor","1","True","False","/imgs/perolla/3486536-1.webp","nao","nao","nao","https://facilzap.com.br/perolladotapajos/produto/3486536"
"3486536","FZ3486536","Cravejada Cristal Menor","Cravejada","100,00","Choker","Cristal menor","1","True","False","/imgs/perolla/3486536-1.webp","nao","nao","nao","https://facilzap.com.br/perolladotapajos/produto/3486536"
"3486536","FZ3486536","Cravejada Cristal Menor","Cravejada","100,00","Choker","Cristal menor","1","True","False","/imgs/perolla/3486536-1.webp","nao","nao","nao","https://facilzap.com.br/perolladotapajos/produto/3486536"
"3486535","FZ3486535","Cravejada","Cravejada","100,00","Choker","","1","True","False","/imgs/perolla/3486535-1.webp","nao","nao","nao","https://facilzap.com.br/perolladotapajos/produto/3486535"
"3486535","FZ3486535","Cravejada","Cravejada","100,00","Choker","","1","True","False","/imgs/perolla/3486535-1.webp","nao","nao","nao","https://facilzap.com.br/perolladotapajos/produto/3486535"
"3486535","FZ3486535","Cravejada","Cravejada","100,00","Choker","","1","True","False","/imgs/perolla/3486535-1.webp","nao","nao","nao","https://facilzap.com.br/perolladotapajos/produto/3486535"
"3486535","FZ3486535","Cravejada","Cravejada","100,00","Choker","","1","True","False","/imgs/perolla/3486535-1.webp","nao","nao","nao","https://facilzap.com.br/perolladotapajos/produto/3486535"
"3486535","FZ3486535","Cravejada","Cravejada","100,00","Choker","","1","True","False","/imgs/perolla/3486535-1.webp","nao","nao","nao","https://facilzap.com.br/perolladotapajos/produto/3486535"
"3486533","FZ3486533","Cravejada Colorida","Cravejada","110,00","Choker","Colorida","1","True","False","/imgs/perolla/3486533-1.webp","nao","nao","nao","https://facilzap.com.br/perolladotapajos/produto/3486533"
"3486533","FZ3486533","Cravejada Colorida","Cravejada","110,00","Choker","Colorida","1","True","False","/imgs/perolla/3486533-1.webp","nao","nao","nao","https://facilzap.com.br/perolladotapajos/produto/3486533"
"3486533","FZ3486533","Cravejada Colorida","Cravejada","110,00","Choker","Colorida","1","True","False","/imgs/perolla/3486533-1.webp","nao","nao","nao","https://facilzap.com.br/perolladotapajos/produto/3486533"
"3486533","FZ3486533","Cravejada Colorida","Cravejada","110,00","Choker","Colorida","1","True","False","/imgs/perolla/3486533-1.webp","nao","nao","nao","https://facilzap.com.br/perolladotapajos/produto/3486533"
"3486533","FZ3486533","Cravejada Colorida","Cravejada","110,00","Choker","Colorida","1","True","False","/imgs/perolla/3486533-1.webp","nao","nao","nao","https://facilzap.com.br/perolladotapajos/produto/3486533"
"3486532","FZ3486532","Cristal Cravejada","Cristal cravejada","100,00","Choker","Cristal","1","True","False","/imgs/perolla/3486532-1.webp","nao","nao","nao","https://facilzap.com.br/perolladotapajos/produto/3486532"
"3486532","FZ3486532","Cristal Cravejada","Cristal cravejada","100,00","Choker","Cristal","1","True","False","/imgs/perolla/3486532-1.webp","nao","nao","nao","https://facilzap.com.br/perolladotapajos/produto/3486532"
"3486532","FZ3486532","Cristal Cravejada","Cristal cravejada","100,00","Choker","Cristal","1","True","False","/imgs/perolla/3486532-1.webp","nao","nao","nao","https://facilzap.com.br/perolladotapajos/produto/3486532"
"3486532","FZ3486532","Cristal Cravejada","Cristal cravejada","100,00","Choker","Cristal","1","True","False","/imgs/perolla/3486532-1.webp","nao","nao","nao","https://facilzap.com.br/perolladotapajos/produto/3486532"
"3486532","FZ3486532","Cristal Cravejada","Cristal cravejada","100,00","Choker","Cristal","1","True","False","/imgs/perolla/3486532-1.webp","nao","nao","nao","https://facilzap.com.br/perolladotapajos/produto/3486532"
"3486530","FZ3486530","Choker Cravejada Tamanho Maior","Choker cravejada tamanho maior","110,00","Choker","Tamanho maior","1","True","False","/imgs/perolla/3486530-1.webp","nao","nao","nao","https://facilzap.com.br/perolladotapajos/produto/3486530"
"3486530","FZ3486530","Choker Cravejada Tamanho Maior","Choker cravejada tamanho maior","110,00","Choker","Tamanho maior","1","True","False","/imgs/perolla/3486530-1.webp","nao","nao","nao","https://facilzap.com.br/perolladotapajos/produto/3486530"
"3486530","FZ3486530","Choker Cravejada Tamanho Maior","Choker cravejada tamanho maior","110,00","Choker","Tamanho maior","1","True","False","/imgs/perolla/3486530-1.webp","nao","nao","nao","https://facilzap.com.br/perolladotapajos/produto/3486530"
"3486530","FZ3486530","Choker Cravejada Tamanho Maior","Choker cravejada tamanho maior","110,00","Choker","Tamanho maior","1","True","False","/imgs/perolla/3486530-1.webp","nao","nao","nao","https://facilzap.com.br/perolladotapajos/produto/3486530"
"3486530","FZ3486530","Choker Cravejada Tamanho Maior","Choker cravejada tamanho maior","110,00","Choker","Tamanho maior","1","True","False","/imgs/perolla/3486530-1.webp","nao","nao","nao","https://facilzap.com.br/perolladotapajos/produto/3486530"
"3483011","FZ3483011","Colar Conjunto Folheado Cravejado","Colar","65,00","Colares","Conjunto folheado cravejado","1","True","False","/imgs/perolla/3483011-1.webp","nao","nao","nao","https://facilzap.com.br/perolladotapajos/produto/3483011"
"3483011","FZ3483011","Colar Conjunto Folheado Cravejado","Colar","65,00","Colares","Conjunto folheado cravejado","1","True","False","/imgs/perolla/3483011-1.webp","nao","nao","nao","https://facilzap.com.br/perolladotapajos/produto/3483011"
"3483011","FZ3483011","Colar Conjunto Folheado Cravejado","Colar","65,00","Colares","Conjunto folheado cravejado","1","True","False","/imgs/perolla/3483011-1.webp","nao","nao","nao","https://facilzap.com.br/perolladotapajos/produto/3483011"
"3483011","FZ3483011","Colar Conjunto Folheado Cravejado","Colar","65,00","Colares","Conjunto folheado cravejado","1","True","False","/imgs/perolla/3483011-1.webp","nao","nao","nao","https://facilzap.com.br/perolladotapajos/produto/3483011"
"3483011","FZ3483011","Colar Conjunto Folheado Cravejado","Colar","65,00","Colares","Conjunto folheado cravejado","1","True","False","/imgs/perolla/3483011-1.webp","nao","nao","nao","https://facilzap.com.br/perolladotapajos/produto/3483011"
"3483010","FZ3483010","Colar Conjunto Folheado Cravejado","Colar","65,00","Colares","Conjunto folheado cravejado","1","True","False","/imgs/perolla/3483010-1.webp","nao","nao","nao","https://facilzap.com.br/perolladotapajos/produto/3483010"
"3483010","FZ3483010","Colar Conjunto Folheado Cravejado","Colar","65,00","Colares","Conjunto folheado cravejado","1","True","False","/imgs/perolla/3483010-1.webp","nao","nao","nao","https://facilzap.com.br/perolladotapajos/produto/3483010"
"3483010","FZ3483010","Colar Conjunto Folheado Cravejado","Colar","65,00","Colares","Conjunto folheado cravejado","1","True","False","/imgs/perolla/3483010-1.webp","nao","nao","nao","https://facilzap.com.br/perolladotapajos/produto/3483010"
"3483010","FZ3483010","Colar Conjunto Folheado Cravejado","Colar","65,00","Colares","Conjunto folheado cravejado","1","True","False","/imgs/perolla/3483010-1.webp","nao","nao","nao","https://facilzap.com.br/perolladotapajos/produto/3483010"
"3483010","FZ3483010","Colar Conjunto Folheado Cravejado","Colar","65,00","Colares","Conjunto folheado cravejado","1","True","False","/imgs/perolla/3483010-1.webp","nao","nao","nao","https://facilzap.com.br/perolladotapajos/produto/3483010"
"3483009","FZ3483009","Colar Conjunto Folheado Cravejado","Colar","65,00","Colares","Conjunto folheado cravejado","1","True","False","/imgs/perolla/3483009-1.webp","nao","nao","nao","https://facilzap.com.br/perolladotapajos/produto/3483009"
"3483009","FZ3483009","Colar Conjunto Folheado Cravejado","Colar","65,00","Colares","Conjunto folheado cravejado","1","True","False","/imgs/perolla/3483009-1.webp","nao","nao","nao","https://facilzap.com.br/perolladotapajos/produto/3483009"
"3483009","FZ3483009","Colar Conjunto Folheado Cravejado","Colar","65,00","Colares","Conjunto folheado cravejado","1","True","False","/imgs/perolla/3483009-1.webp","nao","nao","nao","https://facilzap.com.br/perolladotapajos/produto/3483009"
"3483009","FZ3483009","Colar Conjunto Folheado Cravejado","Colar","65,00","Colares","Conjunto folheado cravejado","1","True","False","/imgs/perolla/3483009-1.webp","nao","nao","nao","https://facilzap.com.br/perolladotapajos/produto/3483009"
"3483009","FZ3483009","Colar Conjunto Folheado Cravejado","Colar","65,00","Colares","Conjunto folheado cravejado","1","True","False","/imgs/perolla/3483009-1.webp","nao","nao","nao","https://facilzap.com.br/perolladotapajos/produto/3483009"
"3483008","FZ3483008","Colar Conjunto Folheado Cravejado","Colar","65,00","Colares","Conjunto folheado cravejado","1","True","False","/imgs/perolla/3483008-1.webp","nao","nao","nao","https://facilzap.com.br/perolladotapajos/produto/3483008"
"3483008","FZ3483008","Colar Conjunto Folheado Cravejado","Colar","65,00","Colares","Conjunto folheado cravejado","1","True","False","/imgs/perolla/3483008-1.webp","nao","nao","nao","https://facilzap.com.br/perolladotapajos/produto/3483008"
"3483008","FZ3483008","Colar Conjunto Folheado Cravejado","Colar","65,00","Colares","Conjunto folheado cravejado","1","True","False","/imgs/perolla/3483008-1.webp","nao","nao","nao","https://facilzap.com.br/perolladotapajos/produto/3483008"
"3483008","FZ3483008","Colar Conjunto Folheado Cravejado","Colar","65,00","Colares","Conjunto folheado cravejado","1","True","False","/imgs/perolla/3483008-1.webp","nao","nao","nao","https://facilzap.com.br/perolladotapajos/produto/3483008"
"3483008","FZ3483008","Colar Conjunto Folheado Cravejado","Colar","65,00","Colares","Conjunto folheado cravejado","1","True","False","/imgs/perolla/3483008-1.webp","nao","nao","nao","https://facilzap.com.br/perolladotapajos/produto/3483008"
"3483007","FZ3483007","Colar Conjunto Folheado Cravejado","Colar","65,00","Colares","Conjunto folheado cravejado","1","True","False","/imgs/perolla/3483007-1.webp","nao","nao","nao","https://facilzap.com.br/perolladotapajos/produto/3483007"
"3483007","FZ3483007","Colar Conjunto Folheado Cravejado","Colar","65,00","Colares","Conjunto folheado cravejado","1","True","False","/imgs/perolla/3483007-1.webp","nao","nao","nao","https://facilzap.com.br/perolladotapajos/produto/3483007"
"3483007","FZ3483007","Colar Conjunto Folheado Cravejado","Colar","65,00","Colares","Conjunto folheado cravejado","1","True","False","/imgs/perolla/3483007-1.webp","nao","nao","nao","https://facilzap.com.br/perolladotapajos/produto/3483007"
"3483007","FZ3483007","Colar Conjunto Folheado Cravejado","Colar","65,00","Colares","Conjunto folheado cravejado","1","True","False","/imgs/perolla/3483007-1.webp","nao","nao","nao","https://facilzap.com.br/perolladotapajos/produto/3483007"
"3483007","FZ3483007","Colar Conjunto Folheado Cravejado","Colar","65,00","Colares","Conjunto folheado cravejado","1","True","False","/imgs/perolla/3483007-1.webp","nao","nao","nao","https://facilzap.com.br/perolladotapajos/produto/3483007"
"3483006","FZ3483006","Colar Conjunto Folheado Cravejado","Colar","65,00","Colares","Conjunto folheado cravejado","1","True","False","/imgs/perolla/3483006-1.webp","nao","nao","nao","https://facilzap.com.br/perolladotapajos/produto/3483006"
"3483006","FZ3483006","Colar Conjunto Folheado Cravejado","Colar","65,00","Colares","Conjunto folheado cravejado","1","True","False","/imgs/perolla/3483006-1.webp","nao","nao","nao","https://facilzap.com.br/perolladotapajos/produto/3483006"
"3483006","FZ3483006","Colar Conjunto Folheado Cravejado","Colar","65,00","Colares","Conjunto folheado cravejado","1","True","False","/imgs/perolla/3483006-1.webp","nao","nao","nao","https://facilzap.com.br/perolladotapajos/produto/3483006"
"3483006","FZ3483006","Colar Conjunto Folheado Cravejado","Colar","65,00","Colares","Conjunto folheado cravejado","1","True","False","/imgs/perolla/3483006-1.webp","nao","nao","nao","https://facilzap.com.br/perolladotapajos/produto/3483006"
"3483006","FZ3483006","Colar Conjunto Folheado Cravejado","Colar","65,00","Colares","Conjunto folheado cravejado","1","True","False","/imgs/perolla/3483006-1.webp","nao","nao","nao","https://facilzap.com.br/perolladotapajos/produto/3483006"
"3483005","FZ3483005","Colar Conjunto Folheado Cravejado","Colar","65,00","Colares","Conjunto folheado cravejado","1","True","False","/imgs/perolla/3483005-1.webp","nao","nao","nao","https://facilzap.com.br/perolladotapajos/produto/3483005"
"3483005","FZ3483005","Colar Conjunto Folheado Cravejado","Colar","65,00","Colares","Conjunto folheado cravejado","1","True","False","/imgs/perolla/3483005-1.webp","nao","nao","nao","https://facilzap.com.br/perolladotapajos/produto/3483005"
"3483005","FZ3483005","Colar Conjunto Folheado Cravejado","Colar","65,00","Colares","Conjunto folheado cravejado","1","True","False","/imgs/perolla/3483005-1.webp","nao","nao","nao","https://facilzap.com.br/perolladotapajos/produto/3483005"
"3483005","FZ3483005","Colar Conjunto Folheado Cravejado","Colar","65,00","Colares","Conjunto folheado cravejado","1","True","False","/imgs/perolla/3483005-1.webp","nao","nao","nao","https://facilzap.com.br/perolladotapajos/produto/3483005"
"3483005","FZ3483005","Colar Conjunto Folheado Cravejado","Colar","65,00","Colares","Conjunto folheado cravejado","1","True","False","/imgs/perolla/3483005-1.webp","nao","nao","nao","https://facilzap.com.br/perolladotapajos/produto/3483005"
"3483004","FZ3483004","Colar Conjunto Folheado Cravejado","Colar","65,00","Colares","Conjunto folheado cravejado","1","True","False","/imgs/perolla/3483004-1.webp","nao","nao","nao","https://facilzap.com.br/perolladotapajos/produto/3483004"
"3483004","FZ3483004","Colar Conjunto Folheado Cravejado","Colar","65,00","Colares","Conjunto folheado cravejado","1","True","False","/imgs/perolla/3483004-1.webp","nao","nao","nao","https://facilzap.com.br/perolladotapajos/produto/3483004"
"3483004","FZ3483004","Colar Conjunto Folheado Cravejado","Colar","65,00","Colares","Conjunto folheado cravejado","1","True","False","/imgs/perolla/3483004-1.webp","nao","nao","nao","https://facilzap.com.br/perolladotapajos/produto/3483004"
"3483004","FZ3483004","Colar Conjunto Folheado Cravejado","Colar","65,00","Colares","Conjunto folheado cravejado","1","True","False","/imgs/perolla/3483004-1.webp","nao","nao","nao","https://facilzap.com.br/perolladotapajos/produto/3483004"
"3483004","FZ3483004","Colar Conjunto Folheado Cravejado","Colar","65,00","Colares","Conjunto folheado cravejado","1","True","False","/imgs/perolla/3483004-1.webp","nao","nao","nao","https://facilzap.com.br/perolladotapajos/produto/3483004"
"3483003","FZ3483003","Colar Conjunto Folheado Cravejado","Colar","65,00","Colares","Conjunto folheado cravejado","1","True","False","/imgs/perolla/3483003-1.webp","nao","nao","nao","https://facilzap.com.br/perolladotapajos/produto/3483003"
"3483003","FZ3483003","Colar Conjunto Folheado Cravejado","Colar","65,00","Colares","Conjunto folheado cravejado","1","True","False","/imgs/perolla/3483003-1.webp","nao","nao","nao","https://facilzap.com.br/perolladotapajos/produto/3483003"
"3483003","FZ3483003","Colar Conjunto Folheado Cravejado","Colar","65,00","Colares","Conjunto folheado cravejado","1","True","False","/imgs/perolla/3483003-1.webp","nao","nao","nao","https://facilzap.com.br/perolladotapajos/produto/3483003"
"3483003","FZ3483003","Colar Conjunto Folheado Cravejado","Colar","65,00","Colares","Conjunto folheado cravejado","1","True","False","/imgs/perolla/3483003-1.webp","nao","nao","nao","https://facilzap.com.br/perolladotapajos/produto/3483003"
"3483003","FZ3483003","Colar Conjunto Folheado Cravejado","Colar","65,00","Colares","Conjunto folheado cravejado","1","True","False","/imgs/perolla/3483003-1.webp","nao","nao","nao","https://facilzap.com.br/perolladotapajos/produto/3483003"
"3483002","FZ3483002","Colar Conjunto Folheado Cravejado","Colar","65,00","Colares","Conjunto folheado cravejado","1","True","False","/imgs/perolla/3483002-1.webp","nao","nao","nao","https://facilzap.com.br/perolladotapajos/produto/3483002"
"3483002","FZ3483002","Colar Conjunto Folheado Cravejado","Colar","65,00","Colares","Conjunto folheado cravejado","1","True","False","/imgs/perolla/3483002-1.webp","nao","nao","nao","https://facilzap.com.br/perolladotapajos/produto/3483002"
"3483002","FZ3483002","Colar Conjunto Folheado Cravejado","Colar","65,00","Colares","Conjunto folheado cravejado","1","True","False","/imgs/perolla/3483002-1.webp","nao","nao","nao","https://facilzap.com.br/perolladotapajos/produto/3483002"
"3483002","FZ3483002","Colar Conjunto Folheado Cravejado","Colar","65,00","Colares","Conjunto folheado cravejado","1","True","False","/imgs/perolla/3483002-1.webp","nao","nao","nao","https://facilzap.com.br/perolladotapajos/produto/3483002"
"3483002","FZ3483002","Colar Conjunto Folheado Cravejado","Colar","65,00","Colares","Conjunto folheado cravejado","1","True","False","/imgs/perolla/3483002-1.webp","nao","nao","nao","https://facilzap.com.br/perolladotapajos/produto/3483002"
"3483001","FZ3483001","Colar Conjunto Folheado Cravejado","Colar","65,00","Colares","Conjunto folheado cravejado","1","True","False","/imgs/perolla/3483001-1.webp","nao","nao","nao","https://facilzap.com.br/perolladotapajos/produto/3483001"
"3483001","FZ3483001","Colar Conjunto Folheado Cravejado","Colar","65,00","Colares","Conjunto folheado cravejado","1","True","False","/imgs/perolla/3483001-1.webp","nao","nao","nao","https://facilzap.com.br/perolladotapajos/produto/3483001"
"3483001","FZ3483001","Colar Conjunto Folheado Cravejado","Colar","65,00","Colares","Conjunto folheado cravejado","1","True","False","/imgs/perolla/3483001-1.webp","nao","nao","nao","https://facilzap.com.br/perolladotapajos/produto/3483001"
"3483001","FZ3483001","Colar Conjunto Folheado Cravejado","Colar","65,00","Colares","Conjunto folheado cravejado","1","True","False","/imgs/perolla/3483001-1.webp","nao","nao","nao","https://facilzap.com.br/perolladotapajos/produto/3483001"
"3483001","FZ3483001","Colar Conjunto Folheado Cravejado","Colar","65,00","Colares","Conjunto folheado cravejado","1","True","False","/imgs/perolla/3483001-1.webp","nao","nao","nao","https://facilzap.com.br/perolladotapajos/produto/3483001"
"3482968","FZ3482968","Conjunto Folheado","Conjunto folheado","60,00","Conjunto","Conjunto folheado Fino, cravejado em zircônia.","1","True","False","/imgs/perolla/3482968-1.webp","nao","nao","nao","https://facilzap.com.br/perolladotapajos/produto/3482968"
"3482968","FZ3482968","Conjunto Folheado","Conjunto folheado","60,00","Conjunto","Conjunto folheado Fino, cravejado em zircônia.","1","True","False","/imgs/perolla/3482968-1.webp","nao","nao","nao","https://facilzap.com.br/perolladotapajos/produto/3482968"
"3482968","FZ3482968","Conjunto Folheado","Conjunto folheado","60,00","Conjunto","Conjunto folheado Fino, cravejado em zircônia.","1","True","False","/imgs/perolla/3482968-1.webp","nao","nao","nao","https://facilzap.com.br/perolladotapajos/produto/3482968"
"3482968","FZ3482968","Conjunto Folheado","Conjunto folheado","60,00","Conjunto","Conjunto folheado Fino, cravejado em zircônia.","1","True","False","/imgs/perolla/3482968-1.webp","nao","nao","nao","https://facilzap.com.br/perolladotapajos/produto/3482968"
"3482968","FZ3482968","Conjunto Folheado","Conjunto folheado","60,00","Conjunto","Conjunto folheado Fino, cravejado em zircônia.","1","True","False","/imgs/perolla/3482968-1.webp","nao","nao","nao","https://facilzap.com.br/perolladotapajos/produto/3482968"
"3482967","FZ3482967","Conjunto Folheado","Conjunto folheado","50,00","Conjunto","Conjunto folheado Fino, cravejado em zircônia.","1","True","False","/imgs/perolla/3482967-1.webp","nao","nao","nao","https://facilzap.com.br/perolladotapajos/produto/3482967"
"3482967","FZ3482967","Conjunto Folheado","Conjunto folheado","50,00","Conjunto","Conjunto folheado Fino, cravejado em zircônia.","1","True","False","/imgs/perolla/3482967-1.webp","nao","nao","nao","https://facilzap.com.br/perolladotapajos/produto/3482967"
"3482967","FZ3482967","Conjunto Folheado","Conjunto folheado","50,00","Conjunto","Conjunto folheado Fino, cravejado em zircônia.","1","True","False","/imgs/perolla/3482967-1.webp","nao","nao","nao","https://facilzap.com.br/perolladotapajos/produto/3482967"
"3482967","FZ3482967","Conjunto Folheado","Conjunto folheado","50,00","Conjunto","Conjunto folheado Fino, cravejado em zircônia.","1","True","False","/imgs/perolla/3482967-1.webp","nao","nao","nao","https://facilzap.com.br/perolladotapajos/produto/3482967"
"3482967","FZ3482967","Conjunto Folheado","Conjunto folheado","50,00","Conjunto","Conjunto folheado Fino, cravejado em zircônia.","1","True","False","/imgs/perolla/3482967-1.webp","nao","nao","nao","https://facilzap.com.br/perolladotapajos/produto/3482967"
"3482966","FZ3482966","Conjunto Folheado","Conjunto folheado","45,00","Conjunto","Conjunto folheado Fino, cravejado em zircônia.","1","True","False","/imgs/perolla/3482966-1.webp","nao","nao","nao","https://facilzap.com.br/perolladotapajos/produto/3482966"
"3482966","FZ3482966","Conjunto Folheado","Conjunto folheado","45,00","Conjunto","Conjunto folheado Fino, cravejado em zircônia.","1","True","False","/imgs/perolla/3482966-1.webp","nao","nao","nao","https://facilzap.com.br/perolladotapajos/produto/3482966"
"3482966","FZ3482966","Conjunto Folheado","Conjunto folheado","45,00","Conjunto","Conjunto folheado Fino, cravejado em zircônia.","1","True","False","/imgs/perolla/3482966-1.webp","nao","nao","nao","https://facilzap.com.br/perolladotapajos/produto/3482966"
"3482966","FZ3482966","Conjunto Folheado","Conjunto folheado","45,00","Conjunto","Conjunto folheado Fino, cravejado em zircônia.","1","True","False","/imgs/perolla/3482966-1.webp","nao","nao","nao","https://facilzap.com.br/perolladotapajos/produto/3482966"
"3482966","FZ3482966","Conjunto Folheado","Conjunto folheado","45,00","Conjunto","Conjunto folheado Fino, cravejado em zircônia.","1","True","False","/imgs/perolla/3482966-1.webp","nao","nao","nao","https://facilzap.com.br/perolladotapajos/produto/3482966"
"3482965","FZ3482965","Conjunto Folheado","Conjunto folheado","65,00","Conjunto","Conjunto folheado Fino, cravejado em zircônia.","1","True","False","/imgs/perolla/3482965-1.webp","nao","nao","nao","https://facilzap.com.br/perolladotapajos/produto/3482965"
"3482965","FZ3482965","Conjunto Folheado","Conjunto folheado","65,00","Conjunto","Conjunto folheado Fino, cravejado em zircônia.","1","True","False","/imgs/perolla/3482965-1.webp","nao","nao","nao","https://facilzap.com.br/perolladotapajos/produto/3482965"
"3482965","FZ3482965","Conjunto Folheado","Conjunto folheado","65,00","Conjunto","Conjunto folheado Fino, cravejado em zircônia.","1","True","False","/imgs/perolla/3482965-1.webp","nao","nao","nao","https://facilzap.com.br/perolladotapajos/produto/3482965"
"3482965","FZ3482965","Conjunto Folheado","Conjunto folheado","65,00","Conjunto","Conjunto folheado Fino, cravejado em zircônia.","1","True","False","/imgs/perolla/3482965-1.webp","nao","nao","nao","https://facilzap.com.br/perolladotapajos/produto/3482965"
"3482965","FZ3482965","Conjunto Folheado","Conjunto folheado","65,00","Conjunto","Conjunto folheado Fino, cravejado em zircônia.","1","True","False","/imgs/perolla/3482965-1.webp","nao","nao","nao","https://facilzap.com.br/perolladotapajos/produto/3482965"
"3482964","FZ3482964","Conjunto Folheado","Conjunto folheado","80,00","Conjunto","Conjunto folheado Fino, cravejado em zircônia.","1","True","False","/imgs/perolla/3482964-1.webp","nao","nao","nao","https://facilzap.com.br/perolladotapajos/produto/3482964"
"3482964","FZ3482964","Conjunto Folheado","Conjunto folheado","80,00","Conjunto","Conjunto folheado Fino, cravejado em zircônia.","1","True","False","/imgs/perolla/3482964-1.webp","nao","nao","nao","https://facilzap.com.br/perolladotapajos/produto/3482964"
"3482964","FZ3482964","Conjunto Folheado","Conjunto folheado","80,00","Conjunto","Conjunto folheado Fino, cravejado em zircônia.","1","True","False","/imgs/perolla/3482964-1.webp","nao","nao","nao","https://facilzap.com.br/perolladotapajos/produto/3482964"
"3482964","FZ3482964","Conjunto Folheado","Conjunto folheado","80,00","Conjunto","Conjunto folheado Fino, cravejado em zircônia.","1","True","False","/imgs/perolla/3482964-1.webp","nao","nao","nao","https://facilzap.com.br/perolladotapajos/produto/3482964"
"3482964","FZ3482964","Conjunto Folheado","Conjunto folheado","80,00","Conjunto","Conjunto folheado Fino, cravejado em zircônia.","1","True","False","/imgs/perolla/3482964-1.webp","nao","nao","nao","https://facilzap.com.br/perolladotapajos/produto/3482964"
"3482963","FZ3482963","Conjunto Folheado","Conjunto folheado","110,00","Conjunto","Conjunto folheado Fino, cravejado em zircônia.","1","True","False","/imgs/perolla/3482963-1.webp","nao","nao","nao","https://facilzap.com.br/perolladotapajos/produto/3482963"
"3482963","FZ3482963","Conjunto Folheado","Conjunto folheado","110,00","Conjunto","Conjunto folheado Fino, cravejado em zircônia.","1","True","False","/imgs/perolla/3482963-1.webp","nao","nao","nao","https://facilzap.com.br/perolladotapajos/produto/3482963"
"3482963","FZ3482963","Conjunto Folheado","Conjunto folheado","110,00","Conjunto","Conjunto folheado Fino, cravejado em zircônia.","1","True","False","/imgs/perolla/3482963-1.webp","nao","nao","nao","https://facilzap.com.br/perolladotapajos/produto/3482963"
"3482963","FZ3482963","Conjunto Folheado","Conjunto folheado","110,00","Conjunto","Conjunto folheado Fino, cravejado em zircônia.","1","True","False","/imgs/perolla/3482963-1.webp","nao","nao","nao","https://facilzap.com.br/perolladotapajos/produto/3482963"
"3482963","FZ3482963","Conjunto Folheado","Conjunto folheado","110,00","Conjunto","Conjunto folheado Fino, cravejado em zircônia.","1","True","False","/imgs/perolla/3482963-1.webp","nao","nao","nao","https://facilzap.com.br/perolladotapajos/produto/3482963"
"3482961","FZ3482961","Conjunto Folheado","Conjunto folheado","100,00","Conjunto","Conjunto folheado Fino, cravejado em zircônia.","1","True","False","/imgs/perolla/3482961-1.webp","nao","nao","nao","https://facilzap.com.br/perolladotapajos/produto/3482961"
"3482961","FZ3482961","Conjunto Folheado","Conjunto folheado","100,00","Conjunto","Conjunto folheado Fino, cravejado em zircônia.","1","True","False","/imgs/perolla/3482961-1.webp","nao","nao","nao","https://facilzap.com.br/perolladotapajos/produto/3482961"
"3482961","FZ3482961","Conjunto Folheado","Conjunto folheado","100,00","Conjunto","Conjunto folheado Fino, cravejado em zircônia.","1","True","False","/imgs/perolla/3482961-1.webp","nao","nao","nao","https://facilzap.com.br/perolladotapajos/produto/3482961"
"3482961","FZ3482961","Conjunto Folheado","Conjunto folheado","100,00","Conjunto","Conjunto folheado Fino, cravejado em zircônia.","1","True","False","/imgs/perolla/3482961-1.webp","nao","nao","nao","https://facilzap.com.br/perolladotapajos/produto/3482961"
"3482961","FZ3482961","Conjunto Folheado","Conjunto folheado","100,00","Conjunto","Conjunto folheado Fino, cravejado em zircônia.","1","True","False","/imgs/perolla/3482961-1.webp","nao","nao","nao","https://facilzap.com.br/perolladotapajos/produto/3482961"
"3482960","FZ3482960","Conjunto Folheado","Conjunto folheado","60,00","Conjunto","Conjunto folheado Fino, cravejado em zircônia.","1","True","False","/imgs/perolla/3482960-1.webp","nao","nao","nao","https://facilzap.com.br/perolladotapajos/produto/3482960"
"3482960","FZ3482960","Conjunto Folheado","Conjunto folheado","60,00","Conjunto","Conjunto folheado Fino, cravejado em zircônia.","1","True","False","/imgs/perolla/3482960-1.webp","nao","nao","nao","https://facilzap.com.br/perolladotapajos/produto/3482960"
"3482960","FZ3482960","Conjunto Folheado","Conjunto folheado","60,00","Conjunto","Conjunto folheado Fino, cravejado em zircônia.","1","True","False","/imgs/perolla/3482960-1.webp","nao","nao","nao","https://facilzap.com.br/perolladotapajos/produto/3482960"
"3482960","FZ3482960","Conjunto Folheado","Conjunto folheado","60,00","Conjunto","Conjunto folheado Fino, cravejado em zircônia.","1","True","False","/imgs/perolla/3482960-1.webp","nao","nao","nao","https://facilzap.com.br/perolladotapajos/produto/3482960"
"3482960","FZ3482960","Conjunto Folheado","Conjunto folheado","60,00","Conjunto","Conjunto folheado Fino, cravejado em zircônia.","1","True","False","/imgs/perolla/3482960-1.webp","nao","nao","nao","https://facilzap.com.br/perolladotapajos/produto/3482960"
"3482959","FZ3482959","Conjunto Folheado","Conjunto folheado","65,00","Conjunto","Conjunto folheado Fino, cravejado em zircônia.","1","True","False","/imgs/perolla/3482959-1.webp","nao","nao","nao","https://facilzap.com.br/perolladotapajos/produto/3482959"
"3482959","FZ3482959","Conjunto Folheado","Conjunto folheado","65,00","Conjunto","Conjunto folheado Fino, cravejado em zircônia.","1","True","False","/imgs/perolla/3482959-1.webp","nao","nao","nao","https://facilzap.com.br/perolladotapajos/produto/3482959"
"3482959","FZ3482959","Conjunto Folheado","Conjunto folheado","65,00","Conjunto","Conjunto folheado Fino, cravejado em zircônia.","1","True","False","/imgs/perolla/3482959-1.webp","nao","nao","nao","https://facilzap.com.br/perolladotapajos/produto/3482959"
"3482959","FZ3482959","Conjunto Folheado","Conjunto folheado","65,00","Conjunto","Conjunto folheado Fino, cravejado em zircônia.","1","True","False","/imgs/perolla/3482959-1.webp","nao","nao","nao","https://facilzap.com.br/perolladotapajos/produto/3482959"
"3482959","FZ3482959","Conjunto Folheado","Conjunto folheado","65,00","Conjunto","Conjunto folheado Fino, cravejado em zircônia.","1","True","False","/imgs/perolla/3482959-1.webp","nao","nao","nao","https://facilzap.com.br/perolladotapajos/produto/3482959"
"3482958","FZ3482958","Conjunto Folheado","Conjunto folheado","65,00","Conjunto","Conjunto folheado Fino, cravejado em zircônia.","1","True","False","/imgs/perolla/3482958-1.webp","nao","nao","nao","https://facilzap.com.br/perolladotapajos/produto/3482958"
"3482958","FZ3482958","Conjunto Folheado","Conjunto folheado","65,00","Conjunto","Conjunto folheado Fino, cravejado em zircônia.","1","True","False","/imgs/perolla/3482958-1.webp","nao","nao","nao","https://facilzap.com.br/perolladotapajos/produto/3482958"
"3482958","FZ3482958","Conjunto Folheado","Conjunto folheado","65,00","Conjunto","Conjunto folheado Fino, cravejado em zircônia.","1","True","False","/imgs/perolla/3482958-1.webp","nao","nao","nao","https://facilzap.com.br/perolladotapajos/produto/3482958"
"3482958","FZ3482958","Conjunto Folheado","Conjunto folheado","65,00","Conjunto","Conjunto folheado Fino, cravejado em zircônia.","1","True","False","/imgs/perolla/3482958-1.webp","nao","nao","nao","https://facilzap.com.br/perolladotapajos/produto/3482958"
"3482958","FZ3482958","Conjunto Folheado","Conjunto folheado","65,00","Conjunto","Conjunto folheado Fino, cravejado em zircônia.","1","True","False","/imgs/perolla/3482958-1.webp","nao","nao","nao","https://facilzap.com.br/perolladotapajos/produto/3482958"
"3482957","FZ3482957","Conjunto Folheado","Conjunto folheado","60,00","Conjunto","Conjunto folheado Fino, cravejado em zircônia.","1","True","False","/imgs/perolla/3482957-1.webp","nao","nao","nao","https://facilzap.com.br/perolladotapajos/produto/3482957"
"3482957","FZ3482957","Conjunto Folheado","Conjunto folheado","60,00","Conjunto","Conjunto folheado Fino, cravejado em zircônia.","1","True","False","/imgs/perolla/3482957-1.webp","nao","nao","nao","https://facilzap.com.br/perolladotapajos/produto/3482957"
"3482957","FZ3482957","Conjunto Folheado","Conjunto folheado","60,00","Conjunto","Conjunto folheado Fino, cravejado em zircônia.","1","True","False","/imgs/perolla/3482957-1.webp","nao","nao","nao","https://facilzap.com.br/perolladotapajos/produto/3482957"
"3482957","FZ3482957","Conjunto Folheado","Conjunto folheado","60,00","Conjunto","Conjunto folheado Fino, cravejado em zircônia.","1","True","False","/imgs/perolla/3482957-1.webp","nao","nao","nao","https://facilzap.com.br/perolladotapajos/produto/3482957"
"3482957","FZ3482957","Conjunto Folheado","Conjunto folheado","60,00","Conjunto","Conjunto folheado Fino, cravejado em zircônia.","1","True","False","/imgs/perolla/3482957-1.webp","nao","nao","nao","https://facilzap.com.br/perolladotapajos/produto/3482957"
"3482939","FZ3482939","Conjunto Conjuntos No Folheado Fino,","Conjunto","50,00","Conjuntos","Conjuntos no folheado Fino, cravejado de zircônia","1","True","False","/imgs/perolla/3482939-1.webp|/imgs/perolla/3482939-2.webp|/imgs/perolla/3482939-3.webp|/imgs/perolla/3482939-4.webp|/imgs/perolla/3482939-5.webp|/imgs/perolla/3482939-6.webp","nao","nao","nao","https://facilzap.com.br/perolladotapajos/produto/3482939"
"3482939","FZ3482939","Conjunto Conjuntos No Folheado Fino,","Conjunto","50,00","Conjuntos","Conjuntos no folheado Fino, cravejado de zircônia","1","True","False","/imgs/perolla/3482939-1.webp|/imgs/perolla/3482939-2.webp|/imgs/perolla/3482939-3.webp|/imgs/perolla/3482939-4.webp|/imgs/perolla/3482939-5.webp|/imgs/perolla/3482939-6.webp","nao","nao","nao","https://facilzap.com.br/perolladotapajos/produto/3482939"
"3482939","FZ3482939","Conjunto Conjuntos No Folheado Fino,","Conjunto","50,00","Conjuntos","Conjuntos no folheado Fino, cravejado de zircônia","1","True","False","/imgs/perolla/3482939-1.webp|/imgs/perolla/3482939-2.webp|/imgs/perolla/3482939-3.webp|/imgs/perolla/3482939-4.webp|/imgs/perolla/3482939-5.webp|/imgs/perolla/3482939-6.webp","nao","nao","nao","https://facilzap.com.br/perolladotapajos/produto/3482939"
"3482939","FZ3482939","Conjunto Conjuntos No Folheado Fino,","Conjunto","50,00","Conjuntos","Conjuntos no folheado Fino, cravejado de zircônia","1","True","False","/imgs/perolla/3482939-1.webp|/imgs/perolla/3482939-2.webp|/imgs/perolla/3482939-3.webp|/imgs/perolla/3482939-4.webp|/imgs/perolla/3482939-5.webp|/imgs/perolla/3482939-6.webp","nao","nao","nao","https://facilzap.com.br/perolladotapajos/produto/3482939"
"3482939","FZ3482939","Conjunto Conjuntos No Folheado Fino,","Conjunto","50,00","Conjuntos","Conjuntos no folheado Fino, cravejado de zircônia","1","True","False","/imgs/perolla/3482939-1.webp|/imgs/perolla/3482939-2.webp|/imgs/perolla/3482939-3.webp|/imgs/perolla/3482939-4.webp|/imgs/perolla/3482939-5.webp|/imgs/perolla/3482939-6.webp","nao","nao","nao","https://facilzap.com.br/perolladotapajos/produto/3482939"
